trial,protocol,bulk_spearman,bulk_auroc_q90,cid_spearman,cid_auroc_q90
0,groupkfold,0.098753897208483,0.5357959438734772,0.6787982299908764,0.7518805520313925
0,temporal_alc2_to_alc3,0.07395903231071979,0.5587589602599156,0.603701111155508,0.7158682917611489
0,temporal_alc2_to_alc4,0.07191261664453648,0.5117744517231114,0.6855573829143213,0.738737353900633
1,groupkfold,0.09066598529982864,0.6014442098701905,0.6639427131391171,0.741372867495786
1,temporal_alc2_to_alc3,0.10907420208761084,0.620389373742181,0.5995239047514661,0.7162859771251894
1,temporal_alc2_to_alc4,0.06571737273428743,0.5732400276807549,0.6769864687264198,0.746336605616263
2,groupkfold,0.060880767926722215,0.5749230482309557,0.670063912338255,0.7494769839639905
2,temporal_alc2_to_alc3,0.07641452686251939,0.5948294498412077,0.6066660213329116,0.726460362951765
2,temporal_alc2_to_alc4,0.04058007545250918,0.5420736563689894,0.6854401096247725,0.7521766837956922
3,groupkfold,0.18984757388183443,0.6264499954485864,0.6671992568084899,0.7421347693798555
3,temporal_alc2_to_alc3,0.20442551287513763,0.6522290128900211,0.6021502941802594,0.7104692928840489
3,temporal_alc2_to_alc4,0.18602299602712227,0.6134517402560158,0.6772764093093577,0.7423881820633073
4,groupkfold,0.154599255992046,0.6164921397574883,0.6707598301533747,0.7458088130678553
4,temporal_alc2_to_alc3,0.16467219945775935,0.6417280217985685,0.6013758511448735,0.7222981385055165
4,temporal_alc2_to_alc4,0.1327991638766955,0.5913226249647366,0.6804694464402146,0.7426344410311081
5,groupkfold,0.04867727677653286,0.563799393159899,0.6668777586532404,0.7414504034068418
5,temporal_alc2_to_alc3,0.06403631897212303,0.5939197180929985,0.589902915314046,0.7058849116921574
5,temporal_alc2_to_alc4,0.04355565669766036,0.5255998276187226,0.6815317053369468,0.7414742573655589
6,groupkfold,0.23120871625297884,0.632432402722536,0.6612862352319556,0.7422303754197258
6,temporal_alc2_to_alc3,0.22202448325902768,0.6426985546161766,0.5942106545451229,0.7115804312122653
6,temporal_alc2_to_alc4,0.2312981975923701,0.6182328464263616,0.6779761138338737,0.735996359107919
7,groupkfold,0.0939905251193256,0.6116910119405152,0.6652688154757125,0.7427257429037788
7,temporal_alc2_to_alc3,0.09935974127514285,0.6126898490306045,0.5906824311055865,0.7073116712391404
7,temporal_alc2_to_alc4,0.0787810749994195,0.5881983117233296,0.6685073707318897,0.7371966767508155
8,groupkfold,0.21659654922686214,0.6204309409495045,0.676945026645264,0.7511949362078022
8,temporal_alc2_to_alc3,0.21001593459381293,0.6406297629934462,0.6063673341635291,0.7273858417395307
8,temporal_alc2_to_alc4,0.22105451231736228,0.6150774585762803,0.6990244092013658,0.7604874368961395
9,groupkfold,0.08236086539949339,0.5937576890594128,0.6634929483751406,0.7427949414581785
9,temporal_alc2_to_alc3,0.09929041388613515,0.6076807351884513,0.5970914966512639,0.7072035318471238
9,temporal_alc2_to_alc4,0.07519469344585243,0.5777494502034755,0.668669479857128,0.7343688873614599
