trial,cluster,basis_rows,share_basis,share_rows,ratio
0,0,0,0.0,0.09053030303030303,0.0
0,1,23,0.5476190476190477,0.4425189393939394,1.2375042034789523
0,2,9,0.21428571428571427,0.15492424242424244,1.3831645127488645
0,3,1,0.023809523809523808,0.08049242424242424,0.2957983193277311
0,4,2,0.047619047619047616,0.08134469696969697,0.58539830367537
0,5,7,0.16666666666666666,0.15018939393939393,1.1097099621689785
1,0,1,0.023809523809523808,0.09053030303030303,0.2630005977286312
1,1,24,0.5714285714285714,0.4425189393939394,1.2913087340649934
1,2,11,0.2619047619047619,0.15492424242424244,1.6905344044708348
1,3,0,0.0,0.08049242424242424,0.0
1,4,1,0.023809523809523808,0.08134469696969697,0.292699151837685
1,5,5,0.11904761904761904,0.15018939393939393,0.7926499729778419
2,0,0,0.0,0.09053030303030303,0.0
2,1,21,0.5,0.4425189393939394,1.1298951423068693
2,2,9,0.21428571428571427,0.15492424242424244,1.3831645127488645
2,3,0,0.0,0.08049242424242424,0.0
2,4,2,0.047619047619047616,0.08134469696969697,0.58539830367537
2,5,10,0.23809523809523808,0.15018939393939393,1.5852999459556838
3,0,0,0.0,0.09053030303030303,0.0
3,1,20,0.47619047619047616,0.4425189393939394,1.0760906117208278
3,2,12,0.2857142857142857,0.15492424242424244,1.8442193503318196
3,3,2,0.047619047619047616,0.08049242424242424,0.5915966386554622
3,4,0,0.0,0.08134469696969697,0.0
3,5,8,0.19047619047619047,0.15018939393939393,1.268239956764547
4,0,1,0.023809523809523808,0.09053030303030303,0.2630005977286312
4,1,20,0.47619047619047616,0.4425189393939394,1.0760906117208278
4,2,10,0.23809523809523808,0.15492424242424244,1.5368494586098496
4,3,2,0.047619047619047616,0.08049242424242424,0.5915966386554622
4,4,1,0.023809523809523808,0.08134469696969697,0.292699151837685
4,5,8,0.19047619047619047,0.15018939393939393,1.268239956764547
5,0,3,0.07142857142857142,0.09053030303030303,0.7890017931858936
5,1,22,0.5238095238095238,0.4425189393939394,1.1836996728929108
5,2,8,0.19047619047619047,0.15492424242424244,1.2294795668878797
5,3,0,0.0,0.08049242424242424,0.0
5,4,1,0.023809523809523808,0.08134469696969697,0.292699151837685
5,5,8,0.19047619047619047,0.15018939393939393,1.268239956764547
6,0,1,0.023809523809523808,0.09053030303030303,0.2630005977286312
6,1,19,0.4523809523809524,0.4425189393939394,1.0222860811347865
6,2,10,0.23809523809523808,0.15492424242424244,1.5368494586098496
6,3,0,0.0,0.08049242424242424,0.0
6,4,2,0.047619047619047616,0.08134469696969697,0.58539830367537
6,5,10,0.23809523809523808,0.15018939393939393,1.5852999459556838
7,0,0,0.0,0.09053030303030303,0.0
7,1,21,0.5,0.4425189393939394,1.1298951423068693
7,2,10,0.23809523809523808,0.15492424242424244,1.5368494586098496
7,3,1,0.023809523809523808,0.08049242424242424,0.2957983193277311
7,4,2,0.047619047619047616,0.08134469696969697,0.58539830367537
7,5,8,0.19047619047619047,0.15018939393939393,1.268239956764547
8,0,1,0.023809523809523808,0.09053030303030303,0.2630005977286312
8,1,18,0.42857142857142855,0.4425189393939394,0.9684815505487451
8,2,7,0.16666666666666666,0.15492424242424244,1.0757946210268947
8,3,0,0.0,0.08049242424242424,0.0
8,4,2,0.047619047619047616,0.08134469696969697,0.58539830367537
8,5,14,0.3333333333333333,0.15018939393939393,2.219419924337957
9,0,0,0.0,0.09053030303030303,0.0
9,1,22,0.5238095238095238,0.4425189393939394,1.1836996728929108
9,2,7,0.16666666666666666,0.15492424242424244,1.0757946210268947
9,3,1,0.023809523809523808,0.08049242424242424,0.2957983193277311
9,4,1,0.023809523809523808,0.08134469696969697,0.292699151837685
9,5,11,0.2619047619047619,0.15018939393939393,1.7438299405512523
