trial,cluster,niche,n,bulk_spearman,bulk_auroc_q90,cid_spearman,cid_auroc_q90
0,0,hidden,4182,0.138308872496169,0.5635432806683847,0.4631534222314333,0.8703606336537711
0,1,populous,21888,0.0022340187895528237,0.5130119908088638,0.11253441637366811,0.6070223005154018
0,2,populous,6733,0.04745512699178771,0.5507509490014854,0.2753210832743308,0.7070725893697141
0,3,hidden,3900,0.11691799859927464,0.584542333260282,0.3370168954792833,0.8055080721747389
0,4,hidden,3781,0.13837310746296697,0.5609025338675647,0.2884939923401803,0.8204960764467083
0,5,populous,6564,0.000981158250357254,0.5128966252406981,0.30636498569037063,0.7112395864978708
1,0,hidden,4182,0.045741811147065076,0.46309975854587154,0.13244996950423615,0.7418020076146526
1,1,populous,21888,0.104029294729545,0.6121330686493676,0.08511796093842829,0.5956998185876983
1,2,populous,6733,0.1786953324006365,0.6419799763257737,0.27590108634911237,0.6958807140271993
1,3,hidden,3900,0.01941554123240499,0.45039082474979913,0.1109517761559771,0.6951851851851851
1,4,hidden,3781,0.07856912218244098,0.4816120851971572,0.21893968241798004,0.7883893296764293
1,5,populous,6564,0.16637855648505187,0.6550451325839709,0.23150899287935178,0.6623078827869522
2,0,hidden,4182,-0.06161940539781831,0.4380702189450478,0.24101725757008577,0.7735569992205223
2,1,populous,21888,0.07176501155520888,0.5812920265435647,0.11087886167578763,0.6269586838799214
2,2,populous,6733,0.1613655116860468,0.6272070926688748,0.31331993924339163,0.6897770342375151
2,3,hidden,3900,-0.04415028117471054,0.4530886112937395,0.13499228499234037,0.7162962962962962
2,4,hidden,3781,-0.03920922767329877,0.43879272412919196,0.23367502574281077,0.7818093900961959
2,5,populous,6564,0.12350213417029746,0.5933447379073766,0.23692180354170173,0.681899477414898
3,0,hidden,4182,0.038442632521733244,0.5370524583987919,0.25276685830797213,0.8145566332656179
3,1,populous,21888,0.12531483060400675,0.6255659553855187,0.0850307255351425,0.5947573104041777
3,2,populous,6733,0.17792482756125816,0.6344516311659385,0.2890727679236088,0.6955489124499298
3,3,hidden,3900,0.06630095286561424,0.5373935276499379,0.0954771121127793,0.658891080429542
3,4,hidden,3781,0.02037894707512632,0.5357955243350483,0.2357803749506111,0.7755893881371402
3,5,populous,6564,0.15941625489164002,0.6250013205703111,0.2698938353833367,0.6876259856285876
4,0,hidden,4182,0.028292058981502697,0.5551117304085693,0.1168972695991386,0.7052528164891543
4,1,populous,21888,0.10784355642180864,0.6051797923295622,0.09027723030753461,0.5974896379641053
4,2,populous,6733,0.18425803486827771,0.643619639323115,0.27659769410486407,0.6757676615163553
4,3,hidden,3900,0.045432871629893234,0.5301497552779604,0.20243018260316448,0.7340594638030536
4,4,hidden,3781,0.014502588670901772,0.5290266758089268,0.2823194363166631,0.8244577224888715
4,5,populous,6564,0.1751001625886742,0.6438374201441469,0.3271284369155327,0.7411097274110973
5,0,hidden,4182,0.02692289553586202,0.5083456111098074,0.19740654347342165,0.8218846106766233
5,1,populous,21888,0.060215791747953634,0.5813834202926729,0.07783770898310137,0.5840577252288328
5,2,populous,6733,0.059109458719815544,0.5680061002515815,0.2959681321710363,0.7263486693409955
5,3,hidden,3900,-0.011594633259830607,0.49085323982759876,0.2294826791455561,0.7660464606618452
5,4,hidden,3781,0.007989657874258139,0.5066537928718358,0.25018245127005656,0.7767111807664262
5,5,populous,6564,0.06590221276166588,0.5878733252269641,0.24077942146041628,0.6823166487970957
6,0,hidden,4182,0.14884457428335096,0.5318593236366911,0.11405798861565772,0.7774937099518804
6,1,populous,21888,0.10626583591960964,0.6049670427090805,0.08010298320514132,0.5946266087624691
6,2,populous,6733,0.18655515422924823,0.637301451650266,0.16363803905965135,0.6339890679338629
6,3,hidden,3900,0.10861420034567516,0.49503981298853095,0.1771945934877063,0.7722755497114472
6,4,hidden,3781,0.11688936911703503,0.5070526006464884,0.1812104816957445,0.747655741043928
6,5,populous,6564,0.1480270866769562,0.6377584162844743,0.27731719603246086,0.6982147693098945
7,0,hidden,4182,-0.16060185163640628,0.40067495530212843,0.30331289676192946,0.8292753775773024
7,1,populous,21888,0.13157435160777547,0.6178025886206874,0.0837627199264545,0.5907147661385627
7,2,populous,6733,0.20202624955321455,0.6546753658265434,0.2865591631176387,0.6778884980187406
7,3,hidden,3900,-0.14555546416612775,0.3779341076776974,0.13068952472697049,0.7497158302286507
7,4,hidden,3781,-0.13110568172174356,0.4074074074074074,0.20364143856522676,0.7664377992030064
7,5,populous,6564,0.2241300043451054,0.6587252077418144,0.16493185855718243,0.6702142982850107
8,0,hidden,4182,0.07465894754282425,0.5359583991090234,0.2429921543374931,0.8249390973662029
8,1,populous,21888,0.07945803055702859,0.5982778133893628,0.10651606216360866,0.6131805138323082
8,2,populous,6733,0.23546735979816205,0.6485579732041454,0.30865471448158127,0.6772065294632454
8,3,hidden,3900,0.05018692250531478,0.4952706552706553,0.23022965691015182,0.7987179487179488
8,4,hidden,3781,0.048977344230655216,0.5210396366729014,0.2783431790722082,0.817231760957885
8,5,populous,6564,0.24154571856820164,0.6483698751242947,0.3069862272632542,0.7277094817463685
9,0,hidden,4182,-0.09586180880915356,0.4349700671720692,0.06584613251786697,0.746613331540556
9,1,populous,21888,0.11238163056499711,0.5952024056151985,0.0810513532178941,0.5882633218796242
9,2,populous,6733,0.20526199735770967,0.644294016846215,0.3167618517747531,0.7105426706623249
9,3,hidden,3900,-0.0977494115423059,0.4278873548104318,0.12835673553507257,0.7070202352253635
9,4,hidden,3781,-0.07971578517471666,0.43351415728729864,0.1002279143874207,0.7443362299371703
9,5,populous,6564,0.19823303629345793,0.6593477439119132,0.22985431289654956,0.6924583711145279
