k,seed,ari_vs_manuscript,n_molecular_clusters,cold_atoms_in_molecular,sp_cluster,auroc_cluster,recall10_cluster,md5000_frame_sp_cluster,sp_bulk,auroc_bulk,recall10_bulk
4,42,0.5339057410402592,2,0.72890625,0.15624255854171545,0.6656336615318379,0.2552653748946925,0.30153357259525104,-0.07167697924101767,0.41959888930378847,0.08171861836562763
4,0,0.5339057410402592,2,0.72890625,0.13672761465816435,0.6292072890306912,0.22325189553496208,0.3464580717563528,-0.07167697924101767,0.41959888930378847,0.08171861836562763
4,1,0.5383128688425329,2,0.716015625,0.18121798723808688,0.6981416008254782,0.2796967144060657,0.32689118767986314,-0.07167697924101767,0.41959888930378847,0.08171861836562763
5,42,0.3787968873057424,3,0.9578125,0.21001520222884243,0.7137338179977103,0.2965459140690817,0.3901687796531072,-0.07167697924101767,0.41959888930378847,0.08171861836562763
5,0,0.38003886656525293,3,0.957421875,0.1991714379733594,0.681809271983897,0.2830665543386689,0.33520372448582764,-0.07167697924101767,0.41959888930378847,0.08171861836562763
5,1,0.3785216570591035,3,0.956640625,0.2285528784637256,0.7249604100624254,0.3125526537489469,0.3575239724885832,-0.07167697924101767,0.41959888930378847,0.08171861836562763
6,42,1.0,3,0.965625,0.3108059228900196,0.8431850227091733,0.4886267902274642,0.45000633340370444,-0.07167697924101767,0.41959888930378847,0.08171861836562763
6,0,0.9890576684291268,3,0.962890625,0.28331578681518826,0.8458087536926672,0.4962089300758214,0.45146190513227924,-0.07167697924101767,0.41959888930378847,0.08171861836562763
6,1,0.9892822103710934,3,0.966015625,0.2786786259829525,0.8406281298303748,0.4903117101937658,0.4648322759141768,-0.07167697924101767,0.41959888930378847,0.08171861836562763
7,42,0.510057842393875,3,0.97734375,0.33838620369711025,0.823503607679422,0.4844144903117102,0.46184735385948733,-0.07167697924101767,0.41959888930378847,0.08171861836562763
7,0,0.5112658036548979,3,0.97734375,0.29337819112325536,0.8038947912993991,0.45745577085088457,0.48755297281080895,-0.07167697924101767,0.41959888930378847,0.08171861836562763
7,1,0.5082944266810628,3,0.97890625,0.3259858271374322,0.8246621874351938,0.4785172704296546,0.523034255936177,-0.07167697924101767,0.41959888930378847,0.08171861836562763
8,42,0.42202972425170665,4,0.977734375,0.29569747304619914,0.7892716871894632,0.4962089300758214,0.5142030467005189,-0.07167697924101767,0.41959888930378847,0.08171861836562763
8,0,0.42184437279298587,4,0.97734375,0.277707082475877,0.7868174582707697,0.493681550126369,0.5286574295269948,-0.07167697924101767,0.41959888930378847,0.08171861836562763
8,1,0.42203841111768287,4,0.977734375,0.3161158508097868,0.8041729546040642,0.5029486099410277,0.5209884554272824,-0.07167697924101767,0.41959888930378847,0.08171861836562763
