trial,arm,spearman,auroc_q90,recall10_hidden,sp_c0,sp_c1,sp_c2,sp_c3,sp_c4,sp_c5
0,raw_bulk,-0.08656705411343711,0.5748047240235813,0.03285593934288121,-0.3235351143868097,0.1245579819659364,0.18306608422417253,-0.2934876492962091,-0.28694572096320187,0.181323322002463
0,raw_cluster,0.21138503599099306,0.6314644762725782,0.4911541701769166,0.5302072129950772,0.12160905050029515,0.28480897190169696,0.3755941257407759,0.3546771898357682,0.3184246403695124
0,hgb_bulk,0.098753897208483,0.5357959438734772,0.12636899747262004,0.138308872496169,0.0022340187895528237,0.04745512699178771,0.11691799859927464,0.13837310746296697,0.000981158250357254
0,hgb_cluster,0.20391023133670183,0.6283667341678002,0.4709351305812974,0.5065389620768852,0.1172494264012694,0.26859231515962284,0.3570998378918022,0.3417108789237088,0.30301953862093634
0,hgb_id,0.6148693537460403,0.6803001839915573,0.12047177759056445,0.003279171137717798,-0.008280902730785432,-0.014751148097393824,0.0022683342888914974,-0.015270428282756559,-0.0054859330957892785
0,hgb_bulk_id,0.657343846848287,0.7371473485737637,0.3167649536647009,0.2752210990857134,0.11892001061977443,0.17714132730857157,0.2407468255332526,0.2212727330946703,0.15465421204470495
0,hgb_cluster_id,0.6787982299908764,0.7518805520313925,0.4835720303285594,0.4631534222314333,0.11253441637366811,0.2753210832743308,0.3370168954792833,0.2884939923401803,0.30636498569037063
0,hgb_bulk_cluster_id,0.6866622003764435,0.7569712787600217,0.5341196293176074,0.531618805299793,0.13495045063118652,0.28632229687611865,0.4357678262177307,0.3851949305091935,0.30410642034541513
1,raw_bulk,0.08861537695090378,0.6104030685287299,0.09856781802864364,0.03551186718736131,0.11630280450483942,0.23062289370035635,0.0026492343824409386,0.04042245579597791,0.23095987185402417
1,raw_cluster,0.013356568538473513,0.5745238389295978,0.4069081718618366,0.12457765720275828,0.0969337921472894,0.2805180401834772,0.1271476654676561,0.25933507362891195,0.23693772908801283
1,hgb_bulk,0.09066598529982864,0.6014442098701905,0.10193765796124685,0.045741811147065076,0.104029294729545,0.1786953324006365,0.01941554123240499,0.07856912218244098,0.16637855648505187
1,hgb_cluster,0.02905811595868281,0.5593706354835138,0.36647009267059816,0.12903849706277168,0.046459697408137074,0.10821823643098875,0.11777950887813385,0.1345435970945235,0.10394131068694423
1,hgb_id,0.6153383183010529,0.6814972195969644,0.08761583824768324,-0.010854874109268267,-0.008280902730785432,0.008487505389226584,-0.016950549875954454,0.007210799266783974,-0.01855462223984894
1,hgb_bulk_id,0.6536683275751948,0.7377363795588394,0.2013479359730413,0.07756735721948232,0.10670878364235369,0.22262958451347964,0.04468291643035173,0.08590624817899464,0.21565748344485264
1,hgb_cluster_id,0.6639427131391171,0.741372867495786,0.4085930918281382,0.13244996950423615,0.08511796093842829,0.27590108634911237,0.1109517761559771,0.21893968241798004,0.23150899287935178
1,hgb_bulk_cluster_id,0.6746230418225493,0.7534286049085045,0.485256950294861,0.1655680502153605,0.1240477582890462,0.2984119803899149,0.1411226754041152,0.22389784710430907,0.2663735556931634
2,raw_bulk,0.06573176174531367,0.5837539502995663,0.06571187868576242,-0.09249731026775292,0.08285656073682982,0.18235592313841803,-0.05752834161669163,-0.06786593527906762,0.16555899797389492
2,raw_cluster,0.12453628945670425,0.6215586575329862,0.4085930918281382,0.26972493808662784,0.12413245988759428,0.32841542317144895,0.1760266679226555,0.2815957747338467,0.25122256529496145
2,hgb_bulk,0.060880767926722215,0.5749230482309557,0.06992417860151642,-0.06161940539781831,0.07176501155520888,0.1613655116860468,-0.04415028117471054,-0.03920922767329877,0.12350213417029746
2,hgb_cluster,0.11784856029999971,0.611232617947809,0.37657961246840777,0.24665227667564976,0.11302836187065676,0.2938625570120444,0.16668148272302916,0.24678330729631864,0.23030317869370642
2,hgb_id,0.6152184299809985,0.6809717753873953,0.08930075821398484,-0.002526514457588744,-0.008280902730785432,-0.002131887040703207,-0.010021524642070897,0.0013290426777074061,-0.013570784696614446
2,hgb_bulk_id,0.6435111698792837,0.7250848348627397,0.13563605728727884,0.04696369673342658,0.072815009129033,0.1694649536036706,0.027845853556242414,0.04867643370845409,0.13039786747539647
2,hgb_cluster_id,0.670063912338255,0.7494769839639905,0.3959561920808762,0.24101725757008577,0.11087886167578763,0.31331993924339163,0.13499228499234037,0.23367502574281077,0.23692180354170173
2,hgb_bulk_cluster_id,0.6763735679971041,0.7530377379832827,0.4650379106992418,0.27413278679068975,0.1251094639774481,0.32091194011578966,0.1676017090974116,0.257976230668556,0.23764275913258628
3,raw_bulk,0.19800842036467106,0.6330571222120207,0.14827295703454085,0.038026312334731506,0.13613865879593592,0.17979677858765294,0.0655453635365889,0.027973539218455384,0.15898158211539531
3,raw_cluster,0.13010641751378066,0.6050413701795642,0.396798652064027,0.33124394773292765,0.09050864712794499,0.3101075183081182,0.1394815889003219,0.2996609535898986,0.2841655100724646
3,hgb_bulk,0.18984757388183443,0.6264499954485864,0.14911541701769165,0.038442632521733244,0.12531483060400675,0.17792482756125816,0.06630095286561424,0.02037894707512632,0.15941625489164002
3,hgb_cluster,0.12264708849403606,0.5973225690914513,0.38163437236731257,0.2825979684025832,0.07691586495145811,0.26226178624524266,0.10293545329498359,0.25478074316341903,0.2492201322735697
3,hgb_id,0.6139572724910239,0.6821152230219063,0.10951979780960404,-0.012644605065050243,-0.009669128759106697,-0.009018852757595723,-0.0064765623552717755,-0.0002435419302371039,-0.013570784696614446
3,hgb_bulk_id,0.6483669127782006,0.7363864104298977,0.09688289806234204,0.01633615444915888,0.12818808531446804,0.15340094846849744,0.004417621411437826,-0.023169594828607764,0.14529756893104673
3,hgb_cluster_id,0.6671992568084899,0.7421347693798555,0.42375737152485254,0.25276685830797213,0.0850307255351425,0.2890727679236088,0.0954771121127793,0.2357803749506111,0.2698938353833367
3,hgb_bulk_cluster_id,0.6768244929598684,0.7560440251583377,0.42881213142375735,0.26269077518154027,0.13425901435412022,0.29267587567986997,0.1298598917676139,0.23381756132494103,0.27914962829094325
4,raw_bulk,0.16550014098621635,0.6214980121728921,0.14406065711878685,0.03323320622062644,0.11251725427133598,0.20335626524834005,0.04938531938506625,0.022274615441890768,0.18137037332539335
4,raw_cluster,0.10201799398665427,0.6056190069445262,0.4077506318449874,0.12288859015855895,0.09832821890090591,0.2845241047822721,0.21341552265413333,0.32045791422237513,0.3353910821867346
4,hgb_bulk,0.154599255992046,0.6164921397574883,0.14153327716933445,0.028292058981502697,0.10784355642180864,0.18425803486827771,0.045432871629893234,0.014502588670901772,0.1751001625886742
4,hgb_cluster,0.09422153114156567,0.5972070306956023,0.3900589721988206,0.12057947410018506,0.0836860184959398,0.23453952769184025,0.17282718739413364,0.25387559588455827,0.28557677367454126
4,hgb_id,0.6152621465026142,0.6814178164392645,0.10614995787700084,-0.01067571555784519,-0.008280902730785432,0.007141749627357147,-0.016950549875954454,0.006233224178121901,-0.002440067515586495
4,hgb_bulk_id,0.6477339716554794,0.7321189286531833,0.13058129738837404,0.031218822737762556,0.10396913809614237,0.18287393324562853,0.025042214872320057,0.029993027175323525,0.16120525823441165
4,hgb_cluster_id,0.6707598301533747,0.7458088130678553,0.4119629317607414,0.1168972695991386,0.09027723030753461,0.27659769410486407,0.20243018260316448,0.2823194363166631,0.3271284369155327
4,hgb_bulk_cluster_id,0.6779819204171289,0.7533175388695372,0.4153327716933446,0.131910419660184,0.12241138772544105,0.292134627622742,0.20179792091704876,0.28816953888500885,0.32847111448510247
