trial,cluster,niche,n,n_bulk,top_bulk,n_cluster_only,top_cluster_only,n_switch,top_switch
0,0,hidden,4182,2,2,96,72,98,74
0,1,populous,21888,173,153,76,42,173,153
0,2,populous,6733,75,71,68,17,75,71
0,3,hidden,3900,2,1,64,50,65,51
0,4,hidden,3781,5,3,63,56,67,59
0,5,populous,6564,69,59,54,26,69,59
1,0,hidden,4182,4,2,103,83,106,85
1,1,populous,21888,198,165,71,34,198,165
1,2,populous,6733,79,74,24,6,79,74
1,3,hidden,3900,5,1,92,59,94,60
1,4,hidden,3781,6,3,63,50,67,53
1,5,populous,6564,68,62,34,11,95,70
2,0,hidden,4182,4,2,73,66,76,68
2,1,populous,21888,187,164,75,40,187,164
2,2,populous,6733,89,81,40,14,89,81
2,3,hidden,3900,3,2,79,53,81,55
2,4,hidden,3781,3,3,79,63,82,66
2,5,populous,6564,76,68,31,12,76,68
3,0,hidden,4182,5,2,101,80,103,82
3,1,populous,21888,193,168,63,26,193,168
3,2,populous,6733,79,68,51,20,79,68
3,3,hidden,3900,4,2,63,48,66,50
3,4,hidden,3781,6,5,70,57,74,61
3,5,populous,6564,62,57,57,27,62,57
4,0,hidden,4182,4,2,91,74,94,76
4,1,populous,21888,192,172,74,28,192,172
4,2,populous,6733,78,69,69,24,78,69
4,3,hidden,3900,4,1,69,55,70,56
4,4,hidden,3781,4,3,72,56,75,59
4,5,populous,6564,63,57,28,15,63,57
5,0,hidden,4182,3,2,100,78,102,80
5,1,populous,21888,200,170,60,17,200,170
5,2,populous,6733,90,77,30,16,90,77
5,3,hidden,3900,3,1,62,50,64,51
5,4,hidden,3781,5,3,72,53,76,56
5,5,populous,6564,81,69,57,14,81,69
6,0,hidden,4182,3,2,132,100,135,102
6,1,populous,21888,186,169,75,27,186,169
6,2,populous,6733,83,73,37,12,83,73
6,3,hidden,3900,2,1,70,56,72,57
6,4,hidden,3781,3,3,70,51,73,54
6,5,populous,6564,72,65,48,17,72,65
7,0,hidden,4182,4,3,106,86,108,88
7,1,populous,21888,213,171,70,35,213,171
7,2,populous,6733,78,72,38,10,78,72
7,3,hidden,3900,1,1,91,64,92,65
7,4,hidden,3781,4,4,76,59,79,62
7,5,populous,6564,61,59,32,9,61,59
8,0,hidden,4182,2,2,101,76,103,78
8,1,populous,21888,184,165,87,32,259,190
8,2,populous,6733,75,72,36,13,75,72
8,3,hidden,3900,4,2,73,59,75,61
8,4,hidden,3781,4,3,81,65,85,68
8,5,populous,6564,71,61,43,17,71,61
9,0,hidden,4182,3,2,106,76,108,78
9,1,populous,21888,206,173,66,22,206,173
9,2,populous,6733,75,68,33,17,75,68
9,3,hidden,3900,1,1,118,68,119,69
9,4,hidden,3781,6,4,75,58,81,62
9,5,populous,6564,71,62,32,13,71,62
