trial,cluster,n,cluster_outliers,bulk_outliers,cluster_only,both
0,ALL,47048,722,326,421,301
0,0,4182,98,2,96,2
0,1,21888,237,173,76,161
0,2,6733,138,75,68,70
0,3,3900,65,2,64,1
0,4,3781,67,5,63,4
0,5,6564,117,69,54,63
1,ALL,47048,698,360,387,311
1,0,4182,106,4,103,3
1,1,21888,240,198,71,169
1,2,6733,96,79,24,72
1,3,3900,94,5,92,2
1,4,3781,67,6,63,4
1,5,6564,95,68,34,61
2,ALL,47048,700,362,377,323
2,0,4182,76,4,73,3
2,1,21888,249,187,75,174
2,2,6733,116,89,40,76
2,3,3900,81,3,79,2
2,4,3781,82,3,79,3
2,5,6564,96,76,31,65
3,ALL,47048,721,349,405,316
3,0,4182,103,5,101,2
3,1,21888,241,193,63,178
3,2,6733,123,79,51,72
3,3,3900,66,4,63,3
3,4,3781,74,6,70,4
3,5,6564,114,62,57,57
4,ALL,47048,709,345,403,306
4,0,4182,94,4,91,3
4,1,21888,243,192,74,169
4,2,6733,140,78,69,71
4,3,3900,70,4,69,1
4,4,3781,75,4,72,3
4,5,6564,87,63,28,59
5,ALL,47048,692,382,381,311
5,0,4182,102,3,100,2
5,1,21888,229,200,60,169
5,2,6733,99,90,30,69
5,3,3900,64,3,62,2
5,4,3781,76,5,72,4
5,5,6564,122,81,57,65
6,ALL,47048,746,349,432,314
6,0,4182,135,3,132,3
6,1,21888,246,186,75,171
6,2,6733,109,83,37,72
6,3,3900,72,2,70,2
6,4,3781,73,3,70,3
6,5,6564,111,72,48,63
7,ALL,47048,721,361,413,308
7,0,4182,108,4,106,2
7,1,21888,241,213,70,171
7,2,6733,110,78,38,72
7,3,3900,92,1,91,1
7,4,3781,79,4,76,3
7,5,6564,91,61,32,59
8,ALL,47048,733,340,421,312
8,0,4182,103,2,101,2
8,1,21888,259,184,87,172
8,2,6733,105,75,36,69
8,3,3900,75,4,73,2
8,4,3781,85,4,81,4
8,5,6564,106,71,43,63
9,ALL,47048,748,362,430,318
9,0,4182,108,3,106,2
9,1,21888,246,206,66,180
9,2,6733,100,75,33,67
9,3,3900,119,1,118,1
9,4,3781,81,6,75,6
9,5,6564,94,71,32,62
