trial,budget,recall_raw_bulk,recall_raw_cluster,recall_label,recall_hyb_max,recall_hyb_switch,recall_hyb_rank
0,0.01,0.006739679865206402,0.08930075821398484,0.016006739679865205,0.08930075821398484,0.08930075821398484,0.06992417860151642
0,0.02,0.010109519797809604,0.16006739679865206,0.03285593934288121,0.16006739679865206,0.16006739679865206,0.11204717775905644
0,0.03,0.010951979780960405,0.22746419545071608,0.040438079191238416,0.22240943555181128,0.22746419545071608,0.14574557708508845
0,0.04,0.013479359730412805,0.2796967144060657,0.051390058972198824,0.2636899747262005,0.2796967144060657,0.17438921651221567
0,0.05,0.016849199663016005,0.3209772535804549,0.05307497893850042,0.2948609941027801,0.3209772535804549,0.20893007582139847
0,0.060000000000000005,0.02190395956192081,0.36731255265374896,0.06992417860151642,0.3209772535804549,0.36731255265374896,0.2401010951979781
0,0.06999999999999999,0.02611625947767481,0.3959561920808762,0.07329401853411963,0.34625105307497894,0.3959561920808762,0.2645324347093513
0,0.08,0.02780117944397641,0.43892165122156696,0.08171861836562763,0.37152485256950296,0.43892165122156696,0.2847514743049705
0,0.09,0.02948609941027801,0.4633529907329402,0.09098567818028644,0.38416175231676497,0.4633529907329402,0.3032855939342881
0,0.09999999999999999,0.03285593934288121,0.4911541701769166,0.11625947767481044,0.401010951979781,0.4911541701769166,0.3176074136478517
0,0.11,0.037910699241786014,0.514743049705139,0.12468407750631845,0.42796967144060655,0.514743049705139,0.34035383319292334
0,0.12,0.04970513900589722,0.5417017691659646,0.14321819713563605,0.44481887110362256,0.5417017691659646,0.36057287278854255
0,0.13,0.05391743892165122,0.5593934288121314,0.15080033698399326,0.45829823083403537,0.5593934288121314,0.37657961246840777
0,0.14,0.05812973883740522,0.5846672283066554,0.15585509688289806,0.4692502106149958,0.5846672283066554,0.3866891322662174
0,0.15000000000000002,0.05897219882055602,0.6057287278854254,0.16680707666385847,0.4844144903117102,0.6057287278854254,0.401010951979781
0,0.16,0.06739679865206402,0.620050547598989,0.17017691659646167,0.4970513900589722,0.620050547598989,0.4119629317607414
0,0.17,0.06908171861836562,0.6377422072451558,0.17101937657961247,0.510530749789385,0.6377422072451558,0.43470935130581295
0,0.18000000000000002,0.07245155855096883,0.6478517270429655,0.1962931760741365,0.5197978096040438,0.6478517270429655,0.44818871103622576
0,0.19,0.07413647851727043,0.6621735467565291,0.21314237573715247,0.5299073294018534,0.6621735467565291,0.46166807076663857
0,0.2,0.08003369839932603,0.6748104465037911,0.22072451558550968,0.5433866891322662,0.6748104465037911,0.4717775905644482
0,0.22,0.08593091828138164,0.7009267059814659,0.2384161752316765,0.561078348778433,0.7009267059814659,0.4953664700926706
0,0.26105263157894737,0.09604043807919124,0.7540016849199663,0.2898062342038753,0.6090985678180286,0.7540016849199663,0.540016849199663
0,0.30210526315789477,0.11373209772535804,0.7944397641112048,0.33024431339511373,0.6461668070766639,0.7944397641112048,0.582139848357203
0,0.3431578947368421,0.13900589721988205,0.8281381634372368,0.37742207245155857,0.6756529064869419,0.8281381634372368,0.620050547598989
0,0.38421052631578945,0.16933445661331087,0.8609941027801179,0.413647851727043,0.7034540859309183,0.8609941027801179,0.649536647009267
0,0.42526315789473684,0.1954507160909857,0.8854254422914911,0.44144903117101936,0.7287278854254423,0.8854254422914911,0.6790227464195451
0,0.46631578947368424,0.21819713563605728,0.9182813816343723,0.4759898904802022,0.7624262847514743,0.9182813816343723,0.7110362257792755
0,0.5073684210526316,0.2459983150800337,0.9309182813816343,0.5282224094355518,0.7860151642796968,0.9309182813816343,0.7379949452401011
0,0.5484210526315789,0.2830665543386689,0.949452401010952,0.5644481887110362,0.8129738837405224,0.949452401010952,0.7607413647851727
0,0.5894736842105263,0.3074978938500421,0.9595619208087616,0.5973041280539174,0.8340353833192923,0.9595619208087616,0.7877000842459984
0,0.6305263157894737,0.34540859309182814,0.9671440606571188,0.645324347093513,0.8550968828980623,0.9671440606571188,0.8112889637742208
0,0.671578947368421,0.3892165122156698,0.9764111204717776,0.6798652064026959,0.8795282224094355,0.9764111204717776,0.8382476832350463
0,0.7126315789473684,0.42712721145745575,0.9814658803706824,0.7127211457455771,0.9014321819713563,0.9814658803706824,0.8635214827295703
0,0.7536842105263157,0.4667228306655434,0.9856781802864364,0.7615838247683235,0.9224936815501263,0.9856781802864364,0.8921651221566975
0,0.7947368421052632,0.5130581297388374,0.9890480202190396,0.7969671440606572,0.9418702611625948,0.9890480202190396,0.9073294018534119
0,0.8357894736842105,0.548441449031171,0.9949452401010952,0.8433024431339511,0.9561920808761584,0.9949452401010952,0.932603201347936
0,0.8768421052631579,0.6192080876158382,0.9983150800336984,0.8913226621735467,0.9671440606571188,0.9983150800336984,0.9477674810446504
0,0.9178947368421052,0.7127211457455771,0.9991575400168492,0.9106992417860151,0.9780960404380792,0.9991575400168492,0.9671440606571188
0,0.9589473684210525,0.8374052232518955,0.9991575400168492,0.9738837405223252,0.987363100252738,0.9991575400168492,0.9823083403538332
0,1.0,1.0,1.0,1.0,1.0,1.0,1.0
1,0.01,0.009267059814658803,0.08171861836562763,0.016006739679865205,0.08087615838247683,0.08171861836562763,0.07497893850042123
1,0.02,0.019376579612468407,0.15585509688289806,0.03285593934288121,0.15332771693344566,0.15585509688289806,0.13395113732097724
1,0.03,0.03285593934288121,0.2064026958719461,0.040438079191238416,0.2021903959561921,0.2064026958719461,0.17438921651221567
1,0.04,0.040438079191238416,0.2518955349620893,0.051390058972198824,0.2468407750631845,0.2518955349620893,0.21988205560235888
1,0.05,0.04717775905644482,0.2805391743892165,0.05307497893850042,0.2737994945240101,0.2805391743892165,0.2544229149115417
1,0.060000000000000005,0.05981465880370682,0.3117101937657961,0.06992417860151642,0.2990732940185341,0.3117101937657961,0.2780117944397641
1,0.06999999999999999,0.06908171861836562,0.33698399326032014,0.07329401853411963,0.32940185341196293,0.33698399326032014,0.3016006739679865
1,0.08,0.08340353833192923,0.35973041280539175,0.08171861836562763,0.35046335299073295,0.35973041280539175,0.32940185341196293
1,0.09,0.09182813816343724,0.38331929233361417,0.09098567818028644,0.36983993260320136,0.38331929233361417,0.34372367312552654
1,0.09999999999999999,0.09856781802864364,0.4069081718618366,0.11625947767481044,0.392586352148273,0.4069081718618366,0.36225779275484415
1,0.11,0.10614995787700084,0.42881213142375735,0.12468407750631845,0.4128053917438922,0.42881213142375735,0.38079191238416177
1,0.12,0.10867733782645324,0.44987363100252736,0.14321819713563605,0.43386689132266215,0.44987363100252736,0.401010951979781
1,0.13,0.12047177759056445,0.4675652906486942,0.15080033698399326,0.45324347093513057,0.4675652906486942,0.41870261162594774
1,0.14,0.12552653748946924,0.485256950294861,0.15585509688289806,0.4675652906486942,0.485256950294861,0.43555181128896375
1,0.15000000000000002,0.13647851727042964,0.4962089300758214,0.16680707666385847,0.4835720303285594,0.4962089300758214,0.45240101095197977
1,0.16,0.14321819713563605,0.5139005897219882,0.17017691659646167,0.4953664700926706,0.5139005897219882,0.4692502106149958
1,0.17,0.15164279696714406,0.527379949452401,0.17101937657961247,0.506318449873631,0.527379949452401,0.4835720303285594
1,0.18000000000000002,0.15922493681550126,0.5391743892165122,0.1962931760741365,0.5240101095197978,0.5391743892165122,0.4970513900589722
1,0.19,0.16849199663016007,0.5492839090143218,0.21314237573715247,0.535804549283909,0.5492839090143218,0.5088458298230834
1,0.2,0.17438921651221567,0.5585509688289806,0.22072451558550968,0.5475989890480202,0.5585509688289806,0.5172704296545914
1,0.22,0.18618365627632688,0.5796124684077506,0.2384161752316765,0.561078348778433,0.5796124684077506,0.5450716090985678
1,0.26105263157894737,0.22493681550126368,0.6301600673967986,0.2898062342038753,0.6015164279696714,0.6301600673967986,0.5754001684919966
1,0.30210526315789477,0.2611625947767481,0.6714406065711879,0.33024431339511373,0.6461668070766639,0.6714406065711879,0.6149957877000842
1,0.3431578947368421,0.2965459140690817,0.6950294860994103,0.37742207245155857,0.6874473462510531,0.6950294860994103,0.649536647009267
1,0.38421052631578945,0.33951137320977254,0.7287278854254423,0.413647851727043,0.7085088458298231,0.7287278854254423,0.6925021061499579
1,0.42526315789473684,0.36731255265374896,0.7674810446503791,0.44144903117101936,0.7346251053074979,0.7674810446503791,0.7236731255265375
1,0.46631578947368424,0.3892165122156698,0.7885425442291492,0.4759898904802022,0.7691659646166807,0.7885425442291492,0.7447346251053075
1,0.5073684210526316,0.42122999157540014,0.8079191238416176,0.5282224094355518,0.797809604043808,0.8079191238416176,0.7674810446503791
1,0.5484210526315789,0.45492839090143217,0.83150800336984,0.5644481887110362,0.818871103622578,0.83150800336984,0.7986520640269588
1,0.5894736842105263,0.4844144903117102,0.8542544229149115,0.5973041280539174,0.8340353833192923,0.8542544229149115,0.8281381634372368
1,0.6305263157894737,0.5172704296545914,0.8736310025273799,0.645324347093513,0.8576242628475147,0.8736310025273799,0.8542544229149115
1,0.671578947368421,0.5475989890480202,0.8862679022746419,0.6798652064026959,0.8820556023588879,0.8862679022746419,0.8685762426284751
1,0.7126315789473684,0.5796124684077506,0.9064869418702611,0.7127211457455771,0.9064869418702611,0.9064869418702611,0.8904802021903959
1,0.7536842105263157,0.6192080876158382,0.9292333614153327,0.7615838247683235,0.9174389216512215,0.9292333614153327,0.9048020219039595
1,0.7947368421052632,0.6554338668913227,0.9486099410278012,0.7969671440606572,0.9300758213984835,0.9486099410278012,0.9224936815501263
1,0.8357894736842105,0.6975568660488627,0.966301600673968,0.8433024431339511,0.9443976411120472,0.966301600673968,0.9359730412805392
1,0.8768421052631579,0.7598989048020219,0.9797809604043808,0.8913226621735467,0.9646166807076664,0.9797809604043808,0.9528222409435552
1,0.9178947368421052,0.8096040438079192,0.9932603201347936,0.9106992417860151,0.9738837405223252,0.9932603201347936,0.970513900589722
1,0.9589473684210525,0.8761583824768323,0.9966301600673968,0.9738837405223252,0.9856781802864364,0.9966301600673968,0.9848357203032856
1,1.0,1.0,1.0,1.0,1.0,1.0,1.0
2,0.01,0.009267059814658803,0.09098567818028644,0.016006739679865205,0.09098567818028644,0.09098567818028644,0.08677337826453244
2,0.02,0.012636899747262006,0.15922493681550126,0.03285593934288121,0.15838247683235046,0.15922493681550126,0.13563605728727884
2,0.03,0.017691659646166806,0.2064026958719461,0.040438079191238416,0.2047177759056445,0.2064026958719461,0.18281381634372368
2,0.04,0.02611625947767481,0.2459983150800337,0.051390058972198824,0.2417860151642797,0.2459983150800337,0.21145745577085087
2,0.05,0.03369839932603201,0.2822240943555181,0.05307497893850042,0.2712721145745577,0.2822240943555181,0.2384161752316765
2,0.060000000000000005,0.04380791912384162,0.3184498736310025,0.06992417860151642,0.3108677337826453,0.3184498736310025,0.2603201347935973
2,0.06999999999999999,0.04802021903959562,0.34035383319292334,0.07329401853411963,0.33024431339511373,0.34035383319292334,0.2864363942712721
2,0.08,0.05054759898904802,0.36225779275484415,0.08171861836562763,0.35636057287278855,0.36225779275484415,0.3125526537489469
2,0.09,0.05728727885425442,0.38331929233361417,0.09098567818028644,0.36815501263689976,0.38331929233361417,0.33108677337826453
2,0.09999999999999999,0.06571187868576242,0.4085930918281382,0.11625947767481044,0.388374052232519,0.4085930918281382,0.34709351305812974
2,0.11,0.07413647851727043,0.43049705139005895,0.12468407750631845,0.4111204717775906,0.43049705139005895,0.36562763268744736
2,0.12,0.08003369839932603,0.44903117101937656,0.14321819713563605,0.43302443133951135,0.44903117101937656,0.37657961246840777
2,0.13,0.08677337826453244,0.4700926705981466,0.15080033698399326,0.44818871103622576,0.4700926705981466,0.3959561920808762
2,0.14,0.09435551811288964,0.4877843302443134,0.15585509688289806,0.4650379106992418,0.4877843302443134,0.4144903117101938
2,0.15000000000000002,0.10530749789385004,0.4987363100252738,0.16680707666385847,0.4793597304128054,0.4987363100252738,0.43049705139005895
2,0.16,0.11288963774220724,0.5080033698399326,0.17017691659646167,0.4945240101095198,0.5080033698399326,0.44650379106992416
2,0.17,0.11710193765796124,0.5197978096040438,0.17101937657961247,0.5054759898904801,0.5197978096040438,0.45914069081718617
2,0.18000000000000002,0.12552653748946924,0.5307497893850042,0.1962931760741365,0.5113732097725358,0.5307497893850042,0.4700926705981466
2,0.19,0.13226621735467564,0.5391743892165122,0.21314237573715247,0.523167649536647,0.5391743892165122,0.485256950294861
2,0.2,0.13647851727042964,0.5509688289806234,0.22072451558550968,0.531592249368155,0.5509688289806234,0.4962089300758214
2,0.22,0.15332771693344566,0.5770850884582982,0.2384161752316765,0.5467565290648694,0.5770850884582982,0.523167649536647
2,0.26105263157894737,0.19208087615838249,0.628475147430497,0.2898062342038753,0.594776748104465,0.628475147430497,0.5560235888795282
2,0.30210526315789477,0.21735467565290648,0.6756529064869419,0.33024431339511373,0.6352148272957034,0.6756529064869419,0.5914069081718618
2,0.3431578947368421,0.2544229149115417,0.7278854254422915,0.37742207245155857,0.6815501263689975,0.7278854254422915,0.6267902274641954
2,0.38421052631578945,0.2999157540016849,0.7565290648694187,0.413647851727043,0.7253580454928391,0.7565290648694187,0.6604886267902275
2,0.42526315789473684,0.34035383319292334,0.7893850042123,0.44144903117101936,0.7624262847514743,0.7893850042123,0.7000842459983151
2,0.46631578947368424,0.37489469250210616,0.8155012636899748,0.4759898904802022,0.7818028643639428,0.8155012636899748,0.7422072451558551
2,0.5073684210526316,0.41701769165964614,0.8424599831508003,0.5282224094355518,0.8028643639427128,0.8424599831508003,0.776748104465038
2,0.5484210526315789,0.45829823083403537,0.8609941027801179,0.5644481887110362,0.83150800336984,0.8609941027801179,0.8011794439764112
2,0.5894736842105263,0.493681550126369,0.8786857624262847,0.5973041280539174,0.8550968828980623,0.8786857624262847,0.8264532434709352
2,0.6305263157894737,0.527379949452401,0.8963774220724515,0.645324347093513,0.8711036225779275,0.8963774220724515,0.8550968828980623
2,0.671578947368421,0.5627632687447346,0.9157540016849199,0.6798652064026959,0.8913226621735467,0.9157540016849199,0.8786857624262847
2,0.7126315789473684,0.594776748104465,0.932603201347936,0.7127211457455771,0.9090143218197135,0.932603201347936,0.8913226621735467
2,0.7536842105263157,0.6545914069081719,0.9469250210614996,0.7615838247683235,0.9241786015164279,0.9469250210614996,0.9123841617523167
2,0.7947368421052632,0.7076663858466723,0.9595619208087616,0.7969671440606572,0.945240101095198,0.9595619208087616,0.9309182813816343
2,0.8357894736842105,0.7514743049705139,0.9696714406065712,0.8433024431339511,0.9595619208087616,0.9696714406065712,0.9427127211457456
2,0.8768421052631579,0.7994945240101096,0.9780960404380792,0.8913226621735467,0.9688289806234204,0.9780960404380792,0.9595619208087616
2,0.9178947368421052,0.8576242628475147,0.9882055602358888,0.9106992417860151,0.97893850042123,0.9882055602358888,0.974726200505476
2,0.9589473684210525,0.9199663016006739,0.9949452401010952,0.9738837405223252,0.991575400168492,0.9949452401010952,0.9882055602358888
2,1.0,1.0,1.0,1.0,1.0,1.0,1.0
3,0.01,0.03285593934288121,0.08845829823083404,0.016006739679865205,0.08845829823083404,0.08845829823083404,0.07919123841617523
3,0.02,0.04970513900589722,0.15838247683235046,0.03285593934288121,0.15585509688289806,0.15838247683235046,0.13395113732097724
3,0.03,0.06318449873631002,0.2021903959561921,0.040438079191238416,0.2021903959561921,0.2021903959561921,0.19039595619208088
3,0.04,0.08424599831508003,0.2426284751474305,0.051390058972198824,0.2392586352148273,0.2426284751474305,0.22577927548441448
3,0.05,0.09772535804549284,0.2813816343723673,0.05307497893850042,0.2704296545914069,0.2813816343723673,0.2636899747262005
3,0.060000000000000005,0.10951979780960404,0.3100252737994945,0.06992417860151642,0.3074978938500421,0.3100252737994945,0.2923336141533277
3,0.06999999999999999,0.12131423757371525,0.33529907329401853,0.07329401853411963,0.33782645324347094,0.33529907329401853,0.3167649536647009
3,0.08,0.12973883740522324,0.35720303285593935,0.08171861836562763,0.35888795282224095,0.35720303285593935,0.33866891322662174
3,0.09,0.13647851727042964,0.37910699241786017,0.09098567818028644,0.37910699241786017,0.37910699241786017,0.36225779275484415
3,0.09999999999999999,0.14827295703454085,0.396798652064027,0.11625947767481044,0.3993260320134794,0.396798652064027,0.38079191238416177
3,0.11,0.16175231676495366,0.4161752316764954,0.12468407750631845,0.41786015164279694,0.4161752316764954,0.401010951979781
3,0.12,0.17101937657961247,0.43639427127211455,0.14321819713563605,0.43049705139005895,0.43639427127211455,0.42038753159224934
3,0.13,0.18197135636057288,0.45408593091828137,0.15080033698399326,0.44734625105307496,0.45408593091828137,0.43470935130581295
3,0.14,0.18871103622577928,0.4692502106149958,0.15585509688289806,0.4658803706823926,0.4692502106149958,0.44313395113732096
3,0.15000000000000002,0.1996630160067397,0.489469250210615,0.16680707666385847,0.4785172704296546,0.489469250210615,0.45829823083403537
3,0.16,0.21229991575400167,0.5113732097725358,0.17017691659646167,0.493681550126369,0.5113732097725358,0.4717775905644482
3,0.17,0.22072451558550968,0.5299073294018534,0.17101937657961247,0.506318449873631,0.5299073294018534,0.4886267902274642
3,0.18000000000000002,0.22914911541701768,0.5459140690817186,0.1962931760741365,0.523167649536647,0.5459140690817186,0.5004212299915753
3,0.19,0.2375737152485257,0.5551811288963774,0.21314237573715247,0.544229149115417,0.5551811288963774,0.5088458298230834
3,0.2,0.2468407750631845,0.5703454085930918,0.22072451558550968,0.5577085088458298,0.5703454085930918,0.5206402695871946
3,0.22,0.2645324347093513,0.6133108677337826,0.2384161752316765,0.5804549283909014,0.6133108677337826,0.5543386689132266
3,0.26105263157894737,0.3058129738837405,0.6562763268744735,0.2898062342038753,0.641112047177759,0.6562763268744735,0.6065711878685762
3,0.30210526315789477,0.33866891322662174,0.6975568660488627,0.33024431339511373,0.6739679865206403,0.6975568660488627,0.6663858466722831
3,0.3431578947368421,0.37320977253580456,0.7262005054759899,0.37742207245155857,0.7127211457455771,0.7262005054759899,0.6983993260320135
3,0.38421052631578945,0.4153327716933446,0.7624262847514743,0.413647851727043,0.7430497051390059,0.7624262847514743,0.7304128053917439
3,0.42526315789473684,0.45829823083403537,0.7969671440606572,0.44144903117101936,0.7716933445661331,0.7969671440606572,0.7548441449031171
3,0.46631578947368424,0.5004212299915753,0.8213984835720304,0.4759898904802022,0.8011794439764112,0.8213984835720304,0.785172704296546
3,0.5073684210526316,0.535804549283909,0.8491996630160067,0.5282224094355518,0.8264532434709352,0.8491996630160067,0.8163437236731256
3,0.5484210526315789,0.5804549283909014,0.8668913226621735,0.5644481887110362,0.8458298230834035,0.8668913226621735,0.8365627632687447
3,0.5894736842105263,0.6259477674810446,0.8913226621735467,0.5973041280539174,0.8668913226621735,0.8913226621735467,0.8550968828980623
3,0.6305263157894737,0.6663858466722831,0.9073294018534119,0.645324347093513,0.8845829823083403,0.9073294018534119,0.8702611625947767
3,0.671578947368421,0.7042965459140691,0.9250210614995787,0.6798652064026959,0.9022746419545071,0.9250210614995787,0.8904802021903959
3,0.7126315789473684,0.7396798652064027,0.9393428812131424,0.7127211457455771,0.9174389216512215,0.9393428812131424,0.9149115417017691
3,0.7536842105263157,0.7759056444818871,0.9502948609941028,0.7615838247683235,0.9342881213142376,0.9502948609941028,0.932603201347936
3,0.7947368421052632,0.8121314237573716,0.9604043807919124,0.7969671440606572,0.9519797809604044,0.9604043807919124,0.945240101095198
3,0.8357894736842105,0.8475147430497051,0.970513900589722,0.8433024431339511,0.9646166807076664,0.970513900589722,0.962089300758214
3,0.8768421052631579,0.8820556023588879,0.9814658803706824,0.8913226621735467,0.9721988205560236,0.9814658803706824,0.9730412805391744
3,0.9178947368421052,0.9191238416175231,0.991575400168492,0.9106992417860151,0.9814658803706824,0.991575400168492,0.9797809604043808
3,0.9589473684210525,0.9604043807919124,0.9974726200505476,0.9738837405223252,0.9941027801179444,0.9974726200505476,0.9924178601516428
3,1.0,1.0,1.0,1.0,1.0,1.0,1.0
4,0.01,0.02443133951137321,0.08508845829823083,0.016006739679865205,0.08508845829823083,0.08508845829823083,0.07329401853411963
4,0.02,0.037910699241786014,0.16006739679865206,0.03285593934288121,0.15669755686604886,0.16006739679865206,0.13984835720303285
4,0.03,0.04802021903959562,0.21988205560235888,0.040438079191238416,0.20977253580454927,0.21988205560235888,0.1971356360572873
4,0.04,0.06823925863521482,0.2662173546756529,0.051390058972198824,0.2611625947767481,0.2662173546756529,0.2426284751474305
4,0.05,0.08761583824768324,0.2931760741364785,0.05307497893850042,0.2906486941870261,0.2931760741364785,0.2754844144903117
4,0.060000000000000005,0.09519797809604044,0.3201347935973041,0.06992417860151642,0.3159224936815501,0.3201347935973041,0.3024431339511373
4,0.06999999999999999,0.11036225779275484,0.34709351305812974,0.07329401853411963,0.34288121314237574,0.34709351305812974,0.3218197135636057
4,0.08,0.12299915754001685,0.36983993260320136,0.08171861836562763,0.36731255265374896,0.36983993260320136,0.34456613310867734
4,0.09,0.13310867733782644,0.3892165122156698,0.09098567818028644,0.38416175231676497,0.3892165122156698,0.36478517270429656
4,0.09999999999999999,0.14406065711878685,0.4077506318449874,0.11625947767481044,0.4018534119629318,0.4077506318449874,0.38416175231676497
4,0.11,0.15164279696714406,0.43133951137320975,0.12468407750631845,0.42459983150800334,0.43133951137320975,0.4026958719460826
4,0.12,0.15838247683235046,0.44903117101937656,0.14321819713563605,0.44650379106992416,0.44903117101937656,0.42038753159224934
4,0.13,0.16680707666385847,0.4633529907329402,0.15080033698399326,0.46166807076663857,0.4633529907329402,0.43639427127211455
4,0.14,0.17691659646166807,0.4793597304128054,0.15585509688289806,0.4759898904802022,0.4793597304128054,0.45408593091828137
4,0.15000000000000002,0.18618365627632688,0.4911541701769166,0.16680707666385847,0.4869418702611626,0.4911541701769166,0.4692502106149958
4,0.16,0.19123841617523168,0.5071609098567817,0.17017691659646167,0.5004212299915753,0.5071609098567817,0.485256950294861
4,0.17,0.2064026958719461,0.5164279696714406,0.17101937657961247,0.514743049705139,0.5164279696714406,0.4962089300758214
4,0.18000000000000002,0.21651221566975568,0.527379949452401,0.1962931760741365,0.5256950294860994,0.527379949452401,0.5096882898062342
4,0.19,0.22830665543386688,0.5349620893007582,0.21314237573715247,0.5391743892165122,0.5349620893007582,0.5214827295703454
4,0.2,0.2392586352148273,0.5459140690817186,0.22072451558550968,0.5459140690817186,0.5459140690817186,0.5307497893850042
4,0.22,0.2721145745577085,0.569502948609941,0.2384161752316765,0.5669755686604886,0.569502948609941,0.5534962089300758
4,0.26105263157894737,0.3083403538331929,0.6065711878685762,0.2898062342038753,0.603201347935973,0.6065711878685762,0.590564448188711
4,0.30210526315789477,0.34709351305812974,0.6520640269587195,0.33024431339511373,0.6470092670598147,0.6520640269587195,0.6343723673125526
4,0.3431578947368421,0.38500421229991577,0.6857624262847515,0.37742207245155857,0.6798652064026959,0.6857624262847515,0.6663858466722831
4,0.38421052631578945,0.43133951137320975,0.7219882055602359,0.413647851727043,0.7135636057287279,0.7219882055602359,0.6925021061499579
4,0.42526315789473684,0.476832350463353,0.7447346251053075,0.44144903117101936,0.7455770850884583,0.7447346251053075,0.7262005054759899
4,0.46631578947368424,0.5197978096040438,0.7708508845829823,0.4759898904802022,0.7700084245998315,0.7708508845829823,0.7556866048862679
4,0.5073684210526316,0.5560235888795282,0.7994945240101096,0.5282224094355518,0.7910699241786016,0.7994945240101096,0.7792754844144903
4,0.5484210526315789,0.5871946082561078,0.8239258635214828,0.5644481887110362,0.8239258635214828,0.8239258635214828,0.802021903959562
4,0.5894736842105263,0.620050547598989,0.8424599831508003,0.5973041280539174,0.8458298230834035,0.8424599831508003,0.8213984835720304
4,0.6305263157894737,0.6630160067396799,0.8727885425442291,0.645324347093513,0.8652064026958719,0.8727885425442291,0.8500421229991575
4,0.671578947368421,0.6950294860994103,0.9022746419545071,0.6798652064026959,0.8837405223251895,0.9022746419545071,0.8753159224936815
4,0.7126315789473684,0.7312552653748947,0.9233361415332771,0.7127211457455771,0.9165964616680707,0.9233361415332771,0.8938500421229991
4,0.7536842105263157,0.7691659646166807,0.9334456613310868,0.7615838247683235,0.9317607413647851,0.9334456613310868,0.9123841617523167
4,0.7947368421052632,0.7994945240101096,0.9469250210614996,0.7969671440606572,0.945240101095198,0.9469250210614996,0.9393428812131424
4,0.8357894736842105,0.8441449031171019,0.962089300758214,0.8433024431339511,0.95787700084246,0.962089300758214,0.953664700926706
4,0.8768421052631579,0.8845829823083403,0.9755686604886268,0.8913226621735467,0.9721988205560236,0.9755686604886268,0.9688289806234204
4,0.9178947368421052,0.9157540016849199,0.9848357203032856,0.9106992417860151,0.983150800336984,0.9848357203032856,0.9797809604043808
4,0.9589473684210525,0.9519797809604044,0.9941027801179444,0.9738837405223252,0.9949452401010952,0.9941027801179444,0.9907329401853412
4,1.0,1.0,1.0,1.0,1.0,1.0,1.0
5,0.01,0.02106149957877001,0.08761583824768324,0.016006739679865205,0.08761583824768324,0.08761583824768324,0.08424599831508003
5,0.02,0.030328559393428812,0.15501263689974726,0.03285593934288121,0.15501263689974726,0.15501263689974726,0.15164279696714406
5,0.03,0.04296545914069082,0.2038753159224937,0.040438079191238416,0.1996630160067397,0.2038753159224937,0.1979780960404381
5,0.04,0.05307497893850042,0.2434709351305813,0.051390058972198824,0.2426284751474305,0.2434709351305813,0.23083403538331929
5,0.05,0.06402695871946082,0.2830665543386689,0.05307497893850042,0.2813816343723673,0.2830665543386689,0.2653748946925021
5,0.060000000000000005,0.07666385846672283,0.3150800336983993,0.06992417860151642,0.3108677337826453,0.3150800336983993,0.2948609941027801
5,0.06999999999999999,0.08508845829823083,0.34288121314237574,0.07329401853411963,0.34119629317607414,0.34288121314237574,0.3209772535804549
5,0.08,0.09519797809604044,0.36815501263689976,0.08171861836562763,0.35888795282224095,0.36815501263689976,0.34625105307497894
5,0.09,0.10109519797809605,0.3951137320977254,0.09098567818028644,0.3875315922493682,0.3951137320977254,0.36225779275484415
5,0.09999999999999999,0.10951979780960404,0.41870261162594774,0.11625947767481044,0.4111204717775906,0.41870261162594774,0.3900589721988206
5,0.11,0.11710193765796124,0.43976411120471776,0.12468407750631845,0.43049705139005895,0.43976411120471776,0.409435551811289
5,0.12,0.12552653748946924,0.46166807076663857,0.14321819713563605,0.45324347093513057,0.46166807076663857,0.42712721145745575
5,0.13,0.13310867733782644,0.4835720303285594,0.15080033698399326,0.468407750631845,0.4835720303285594,0.44397641112047176
5,0.14,0.13647851727042964,0.502106149957877,0.15585509688289806,0.4886267902274642,0.502106149957877,0.45661331086773377
5,0.15000000000000002,0.14321819713563605,0.5122156697556866,0.16680707666385847,0.5071609098567817,0.5122156697556866,0.4759898904802022
5,0.16,0.15248525695029486,0.5265374894692502,0.17017691659646167,0.518955349620893,0.5265374894692502,0.4886267902274642
5,0.17,0.15922493681550126,0.5374894692502106,0.17101937657961247,0.5290648694187026,0.5374894692502106,0.5046335299073293
5,0.18000000000000002,0.16596461668070767,0.5560235888795282,0.1962931760741365,0.540016849199663,0.5560235888795282,0.5214827295703454
5,0.19,0.17017691659646167,0.5703454085930918,0.21314237573715247,0.5459140690817186,0.5703454085930918,0.5282224094355518
5,0.2,0.17944397641112048,0.5812973883740522,0.22072451558550968,0.5577085088458298,0.5812973883740522,0.5417017691659646
5,0.22,0.19292333614153329,0.6099410278011794,0.2384161752316765,0.5846672283066554,0.6099410278011794,0.5593934288121314
5,0.26105263157894737,0.21819713563605728,0.6571187868576243,0.2898062342038753,0.6259477674810446,0.6571187868576243,0.6015164279696714
5,0.30210526315789477,0.2493681550126369,0.7051390058972199,0.33024431339511373,0.6604886267902275,0.7051390058972199,0.6402695871946082
5,0.3431578947368421,0.2788542544229149,0.7573715248525695,0.37742207245155857,0.7034540859309183,0.7573715248525695,0.6764953664700927
5,0.38421052631578945,0.3125526537489469,0.7910699241786016,0.413647851727043,0.7329401853411963,0.7910699241786016,0.7101937657961247
5,0.42526315789473684,0.34793597304128054,0.8197135636057288,0.44144903117101936,0.7674810446503791,0.8197135636057288,0.7388374052232519
5,0.46631578947368424,0.37742207245155857,0.8390901432181971,0.4759898904802022,0.7952822240943556,0.8390901432181971,0.7691659646166807
5,0.5073684210526316,0.4102780117944398,0.8567818028643639,0.5282224094355518,0.8197135636057288,0.8567818028643639,0.8003369839932604
5,0.5484210526315789,0.44650379106992416,0.8770008424599831,0.5644481887110362,0.8416175231676495,0.8770008424599831,0.8247683235046336
5,0.5894736842105263,0.4776748104465038,0.9014321819713563,0.5973041280539174,0.8576242628475147,0.9014321819713563,0.8466722830665543
5,0.6305263157894737,0.5223251895534962,0.9149115417017691,0.645324347093513,0.8744734625105307,0.9149115417017691,0.8652064026958719
5,0.671578947368421,0.5593934288121314,0.9334456613310868,0.6798652064026959,0.8921651221566975,0.9334456613310868,0.8837405223251895
5,0.7126315789473684,0.6065711878685762,0.949452401010952,0.7127211457455771,0.9140690817186183,0.949452401010952,0.8989048020219039
5,0.7536842105263157,0.6461668070766639,0.9587194608256108,0.7615838247683235,0.932603201347936,0.9587194608256108,0.9216512215669755
5,0.7947368421052632,0.6849199663016007,0.9688289806234204,0.7969671440606572,0.945240101095198,0.9688289806234204,0.9393428812131424
5,0.8357894736842105,0.7354675652906487,0.9780960404380792,0.8433024431339511,0.95787700084246,0.9780960404380792,0.9545071609098568
5,0.8768421052631579,0.8003369839932604,0.9823083403538332,0.8913226621735467,0.9713563605728728,0.9823083403538332,0.9679865206402696
5,0.9178947368421052,0.8491996630160067,0.9924178601516428,0.9106992417860151,0.9814658803706824,0.9924178601516428,0.9797809604043808
5,0.9589473684210525,0.9005897219882055,0.9983150800336984,0.9738837405223252,0.9890480202190396,0.9983150800336984,0.9890480202190396
5,1.0,1.0,1.0,1.0,1.0,1.0,1.0
6,0.01,0.020219039595619208,0.08340353833192923,0.016006739679865205,0.08340353833192923,0.08340353833192923,0.07919123841617523
6,0.02,0.03285593934288121,0.15585509688289806,0.03285593934288121,0.15585509688289806,0.15585509688289806,0.14574557708508845
6,0.03,0.04886267902274642,0.21735467565290648,0.040438079191238416,0.21482729570345407,0.21735467565290648,0.2005054759898905
6,0.04,0.062342038753159225,0.2754844144903117,0.051390058972198824,0.2729570345408593,0.2754844144903117,0.2468407750631845
6,0.05,0.06908171861836562,0.3125526537489469,0.05307497893850042,0.3108677337826453,0.3125526537489469,0.2898062342038753
6,0.060000000000000005,0.08171861836562763,0.34456613310867734,0.06992417860151642,0.34035383319292334,0.34456613310867734,0.3251895534962089
6,0.06999999999999999,0.09688289806234204,0.37573715248525696,0.07329401853411963,0.36731255265374896,0.37573715248525696,0.35046335299073295
6,0.08,0.11204717775905644,0.3942712721145746,0.08171861836562763,0.388374052232519,0.3942712721145746,0.37489469250210616
6,0.09,0.12636899747262004,0.42207245155855094,0.09098567818028644,0.4077506318449874,0.42207245155855094,0.3951137320977254
6,0.09999999999999999,0.13732097725358045,0.44397641112047176,0.11625947767481044,0.43302443133951135,0.44397641112047176,0.4077506318449874
6,0.11,0.14911541701769165,0.4667228306655434,0.12468407750631845,0.45492839090143217,0.4667228306655434,0.43302443133951135
6,0.12,0.15585509688289806,0.4919966301600674,0.14321819713563605,0.4776748104465038,0.4919966301600674,0.44566133108677336
6,0.13,0.16512215669755687,0.510530749789385,0.15080033698399326,0.497893850042123,0.510530749789385,0.4650379106992418
6,0.14,0.17354675652906487,0.527379949452401,0.15585509688289806,0.5181128896377422,0.527379949452401,0.4860994102780118
6,0.15000000000000002,0.18365627632687448,0.5366470092670598,0.16680707666385847,0.531592249368155,0.5366470092670598,0.5054759898904801
6,0.16,0.19208087615838249,0.5551811288963774,0.17017691659646167,0.540016849199663,0.5551811288963774,0.5223251895534962
6,0.17,0.2021903959561921,0.5644481887110362,0.17101937657961247,0.5543386689132266,0.5644481887110362,0.5307497893850042
6,0.18000000000000002,0.20893007582139847,0.5787700084245998,0.1962931760741365,0.5644481887110362,0.5787700084245998,0.5450716090985678
6,0.19,0.21482729570345407,0.594776748104465,0.21314237573715247,0.577927548441449,0.594776748104465,0.5534962089300758
6,0.2,0.22493681550126368,0.607413647851727,0.22072451558550968,0.5888795282224094,0.607413647851727,0.5686604886267902
6,0.22,0.2417860151642797,0.6310025273799494,0.2384161752316765,0.611625947767481,0.6310025273799494,0.5897219882055602
6,0.26105263157894737,0.2847514743049705,0.6689132266217355,0.2898062342038753,0.6520640269587195,0.6689132266217355,0.6385846672283066
6,0.30210526315789477,0.33445661331086773,0.7177759056444819,0.33024431339511373,0.6874473462510531,0.7177759056444819,0.6739679865206403
6,0.3431578947368421,0.37826453243470937,0.7523167649536647,0.37742207245155857,0.7320977253580455,0.7523167649536647,0.7034540859309183
6,0.38421052631578945,0.413647851727043,0.7792754844144903,0.413647851727043,0.7641112047177759,0.7792754844144903,0.7405223251895535
6,0.42526315789473684,0.45914069081718617,0.8138163437236732,0.44144903117101936,0.7944397641112048,0.8138163437236732,0.7607413647851727
6,0.46631578947368424,0.493681550126369,0.8407750631844987,0.4759898904802022,0.8155012636899748,0.8407750631844987,0.7826453243470936
6,0.5073684210526316,0.5265374894692502,0.8668913226621735,0.5282224094355518,0.8475147430497051,0.8668913226621735,0.8096040438079192
6,0.5484210526315789,0.5577085088458298,0.8837405223251895,0.5644481887110362,0.8685762426284751,0.8837405223251895,0.8357203032855939
6,0.5894736842105263,0.594776748104465,0.8972198820556023,0.5973041280539174,0.8845829823083403,0.8972198820556023,0.8643639427127211
6,0.6305263157894737,0.6360572872788542,0.9165964616680707,0.645324347093513,0.8997472620050547,0.9165964616680707,0.8887952822240943
6,0.671578947368421,0.6655433866891323,0.9334456613310868,0.6798652064026959,0.9106992417860151,0.9334456613310868,0.9039595619208087
6,0.7126315789473684,0.6992417860151643,0.949452401010952,0.7127211457455771,0.9309182813816343,0.949452401010952,0.9191238416175231
6,0.7536842105263157,0.7396798652064027,0.962089300758214,0.7615838247683235,0.9486099410278012,0.962089300758214,0.932603201347936
6,0.7947368421052632,0.7733782645324347,0.9738837405223252,0.7969671440606572,0.9629317607413648,0.9738837405223252,0.9519797809604044
6,0.8357894736842105,0.8121314237573716,0.9806234203875316,0.8433024431339511,0.9721988205560236,0.9806234203875316,0.9654591406908172
6,0.8768421052631579,0.8433024431339511,0.9898904802021904,0.8913226621735467,0.9839932603201348,0.9898904802021904,0.9772535804549284
6,0.9178947368421052,0.8904802021903959,0.9949452401010952,0.9106992417860151,0.9907329401853412,0.9949452401010952,0.9865206402695872
6,0.9589473684210525,0.9393428812131424,0.995787700084246,0.9738837405223252,0.995787700084246,0.995787700084246,0.995787700084246
6,1.0,1.0,1.0,1.0,1.0,1.0,1.0
7,0.01,0.011794439764111205,0.08677337826453244,0.016006739679865205,0.08677337826453244,0.08677337826453244,0.08424599831508003
7,0.02,0.016006739679865205,0.15754001684919966,0.03285593934288121,0.15754001684919966,0.15754001684919966,0.14490311710193765
7,0.03,0.02358887952822241,0.21398483572030327,0.040438079191238416,0.21145745577085087,0.21398483572030327,0.19208087615838249
7,0.04,0.02695871946082561,0.2611625947767481,0.051390058972198824,0.2561078348778433,0.2611625947767481,0.22493681550126368
7,0.05,0.031171019376579612,0.2973883740522325,0.05307497893850042,0.2914911541701769,0.2973883740522325,0.2628475147430497
7,0.060000000000000005,0.03622577927548441,0.33277169334456613,0.06992417860151642,0.32603201347935973,0.33277169334456613,0.2864363942712721
7,0.06999999999999999,0.04212299915754002,0.35804549283909015,0.07329401853411963,0.35383319292333615,0.35804549283909015,0.3142375737152485
7,0.08,0.051390058972198824,0.38163437236731257,0.08171861836562763,0.37236731255265376,0.38163437236731257,0.33782645324347094
7,0.09,0.05812973883740522,0.4102780117944398,0.09098567818028644,0.3959561920808762,0.4102780117944398,0.36141533277169335
7,0.09999999999999999,0.06655433866891322,0.43470935130581295,0.11625947767481044,0.41701769165964614,0.43470935130581295,0.37657961246840777
7,0.11,0.07076663858466722,0.45745577085088457,0.12468407750631845,0.43723673125526535,0.45745577085088457,0.3917438921651222
7,0.12,0.07582139848357203,0.4751474304970514,0.14321819713563605,0.45914069081718617,0.4751474304970514,0.4128053917438922
7,0.13,0.07919123841617523,0.4928390901432182,0.15080033698399326,0.4734625105307498,0.4928390901432182,0.42544229149115415
7,0.14,0.08256107834877843,0.5155855096882898,0.15585509688289806,0.4869418702611626,0.5155855096882898,0.44818871103622576
7,0.15000000000000002,0.08593091828138164,0.5324347093513058,0.16680707666385847,0.5088458298230834,0.5324347093513058,0.4658803706823926
7,0.16,0.09182813816343724,0.5492839090143218,0.17017691659646167,0.5206402695871946,0.5492839090143218,0.4776748104465038
7,0.17,0.09688289806234204,0.5745577085088458,0.17101937657961247,0.535804549283909,0.5745577085088458,0.4886267902274642
7,0.18000000000000002,0.10362257792754845,0.5871946082561078,0.1962931760741365,0.548441449031171,0.5871946082561078,0.5046335299073293
7,0.19,0.11120471777590564,0.6099410278011794,0.21314237573715247,0.5661331086773378,0.6099410278011794,0.523167649536647
7,0.2,0.11962931760741365,0.6192080876158382,0.22072451558550968,0.5804549283909014,0.6192080876158382,0.5332771693344566
7,0.22,0.13395113732097724,0.6444818871103623,0.2384161752316765,0.6099410278011794,0.6444818871103623,0.5577085088458298
7,0.26105263157894737,0.15669755686604886,0.6832350463352991,0.2898062342038753,0.6554338668913227,0.6832350463352991,0.6040438079191238
7,0.30210526315789477,0.17775905644481887,0.7236731255265375,0.33024431339511373,0.6866048862679023,0.7236731255265375,0.6520640269587195
7,0.3431578947368421,0.2030328559393429,0.7607413647851727,0.37742207245155857,0.7177759056444819,0.7607413647851727,0.6756529064869419
7,0.38421052631578945,0.22662173546756528,0.7877000842459984,0.413647851727043,0.7514743049705139,0.7877000842459984,0.7051390058972199
7,0.42526315789473684,0.2687447346251053,0.8213984835720304,0.44144903117101936,0.7742207245155855,0.8213984835720304,0.7363100252737995
7,0.46631578947368424,0.2982308340353833,0.8449873631002527,0.4759898904802022,0.7986520640269588,0.8449873631002527,0.7649536647009267
7,0.5073684210526316,0.33614153327716934,0.8609941027801179,0.5282224094355518,0.823083403538332,0.8609941027801179,0.7868576242628476
7,0.5484210526315789,0.36983993260320136,0.8879528222409435,0.5644481887110362,0.8475147430497051,0.8879528222409435,0.8096040438079192
7,0.5894736842105263,0.4144903117101938,0.8989048020219039,0.5973041280539174,0.8626790227464195,0.8989048020219039,0.8298230834035384
7,0.6305263157894737,0.44987363100252736,0.9123841617523167,0.645324347093513,0.8770008424599831,0.9123841617523167,0.8534119629317607
7,0.671578947368421,0.4844144903117102,0.9342881213142376,0.6798652064026959,0.9014321819713563,0.9342881213142376,0.8727885425442291
7,0.7126315789473684,0.5349620893007582,0.9486099410278012,0.7127211457455771,0.9115417017691659,0.9486099410278012,0.8904802021903959
7,0.7536842105263157,0.590564448188711,0.9595619208087616,0.7615838247683235,0.9241786015164279,0.9595619208087616,0.9123841617523167
7,0.7947368421052632,0.6394271272114574,0.9713563605728728,0.7969671440606572,0.9418702611625948,0.9713563605728728,0.9250210614995787
7,0.8357894736842105,0.6832350463352991,0.9814658803706824,0.8433024431339511,0.9553496208930076,0.9814658803706824,0.9418702611625948
7,0.8768421052631579,0.7708508845829823,0.9890480202190396,0.8913226621735467,0.9688289806234204,0.9890480202190396,0.9561920808761584
7,0.9178947368421052,0.8357203032855939,0.9924178601516428,0.9106992417860151,0.9806234203875316,0.9924178601516428,0.9738837405223252
7,0.9589473684210525,0.9048020219039595,0.9983150800336984,0.9738837405223252,0.991575400168492,0.9983150800336984,0.9882055602358888
7,1.0,1.0,1.0,1.0,1.0,1.0,1.0
8,0.01,0.018534119629317607,0.08930075821398484,0.016006739679865205,0.08930075821398484,0.08930075821398484,0.08087615838247683
8,0.02,0.03706823925863521,0.16512215669755687,0.03285593934288121,0.16512215669755687,0.16512215669755687,0.14995787700084245
8,0.03,0.05054759898904802,0.22914911541701768,0.040438079191238416,0.22830665543386688,0.22914911541701768,0.21314237573715247
8,0.04,0.05981465880370682,0.2763268744734625,0.051390058972198824,0.2729570345408593,0.2763268744734625,0.2586352148272957
8,0.05,0.07413647851727043,0.3192923336141533,0.05307497893850042,0.3125526537489469,0.3192923336141533,0.2965459140690817
8,0.060000000000000005,0.09267059814658804,0.37320977253580456,0.06992417860151642,0.36647009267059816,0.37320977253580456,0.33782645324347094
8,0.06999999999999999,0.10446503791069923,0.409435551811289,0.07329401853411963,0.4060657118786858,0.409435551811289,0.38079191238416177
8,0.08,0.11794439764111204,0.44818871103622576,0.08171861836562763,0.43892165122156696,0.44818871103622576,0.4102780117944398
8,0.09,0.12973883740522324,0.4802021903959562,0.09098567818028644,0.4667228306655434,0.4802021903959562,0.43470935130581295
8,0.09999999999999999,0.14995787700084245,0.506318449873631,0.11625947767481044,0.4962089300758214,0.506318449873631,0.4625105307497894
8,0.11,0.15922493681550126,0.5290648694187026,0.12468407750631845,0.5223251895534962,0.5290648694187026,0.4776748104465038
8,0.12,0.16849199663016007,0.548441449031171,0.14321819713563605,0.5417017691659646,0.548441449031171,0.5080033698399326
8,0.13,0.18365627632687448,0.565290648694187,0.15080033698399326,0.5551811288963774,0.565290648694187,0.5282224094355518
8,0.14,0.1954507160909857,0.586352148272957,0.15585509688289806,0.5686604886267902,0.586352148272957,0.5450716090985678
8,0.15000000000000002,0.2055602358887953,0.6006739679865206,0.16680707666385847,0.5930918281381634,0.6006739679865206,0.5593934288121314
8,0.16,0.21903959561920808,0.6133108677337826,0.17017691659646167,0.603201347935973,0.6133108677337826,0.5745577085088458
8,0.17,0.22577927548441448,0.624262847514743,0.17101937657961247,0.6166807076663858,0.624262847514743,0.586352148272957
8,0.18000000000000002,0.2333614153327717,0.6427969671440606,0.1962931760741365,0.624262847514743,0.6427969671440606,0.6040438079191238
8,0.19,0.2384161752316765,0.6554338668913227,0.21314237573715247,0.6360572872788542,0.6554338668913227,0.6175231676495366
8,0.2,0.2485256950294861,0.6697556866048863,0.22072451558550968,0.649536647009267,0.6697556866048863,0.6318449873631002
8,0.22,0.2662173546756529,0.6958719460825611,0.2384161752316765,0.6756529064869419,0.6958719460825611,0.6486941870261163
8,0.26105263157894737,0.3032855939342881,0.7405223251895535,0.2898062342038753,0.7262005054759899,0.7405223251895535,0.6975568660488627
8,0.30210526315789477,0.34456613310867734,0.7683235046335299,0.33024431339511373,0.7607413647851727,0.7683235046335299,0.7371524852569503
8,0.3431578947368421,0.37994945240101097,0.7910699241786016,0.37742207245155857,0.7860151642796968,0.7910699241786016,0.7742207245155855
8,0.38421052631578945,0.42122999157540014,0.8247683235046336,0.413647851727043,0.81044650379107,0.8247683235046336,0.793597304128054
8,0.42526315789473684,0.4625105307497894,0.8534119629317607,0.44144903117101936,0.8306655433866892,0.8534119629317607,0.8112889637742208
8,0.46631578947368424,0.4953664700926706,0.8761583824768323,0.4759898904802022,0.8576242628475147,0.8761583824768323,0.8331929233361416
8,0.5073684210526316,0.5366470092670598,0.8828980623420387,0.5282224094355518,0.8744734625105307,0.8828980623420387,0.8593091828138163
8,0.5484210526315789,0.565290648694187,0.8980623420387531,0.5644481887110362,0.8930075821398483,0.8980623420387531,0.8778433024431339
8,0.5894736842105263,0.598989048020219,0.9098567818028643,0.5973041280539174,0.8997472620050547,0.9098567818028643,0.8896377422072451
8,0.6305263157894737,0.6352148272957034,0.928390901432182,0.645324347093513,0.9090143218197135,0.928390901432182,0.9039595619208087
8,0.671578947368421,0.6731255265374895,0.9427127211457456,0.6798652064026959,0.9216512215669755,0.9427127211457456,0.9115417017691659
8,0.7126315789473684,0.7042965459140691,0.9502948609941028,0.7127211457455771,0.9385004212299916,0.9502948609941028,0.9258635214827295
8,0.7536842105263157,0.7304128053917439,0.9604043807919124,0.7615838247683235,0.9511373209772536,0.9604043807919124,0.9435551811288964
8,0.7947368421052632,0.7733782645324347,0.9696714406065712,0.7969671440606572,0.962089300758214,0.9696714406065712,0.9561920808761584
8,0.8357894736842105,0.8096040438079192,0.9797809604043808,0.8433024431339511,0.9696714406065712,0.9797809604043808,0.9696714406065712
8,0.8768421052631579,0.8491996630160067,0.987363100252738,0.8913226621735467,0.9797809604043808,0.987363100252738,0.974726200505476
8,0.9178947368421052,0.8854254422914911,0.9924178601516428,0.9106992417860151,0.9882055602358888,0.9924178601516428,0.983150800336984
8,0.9589473684210525,0.9393428812131424,0.9974726200505476,0.9738837405223252,0.9949452401010952,0.9974726200505476,0.9932603201347936
8,1.0,1.0,1.0,1.0,1.0,1.0,1.0
9,0.01,0.016006739679865205,0.08761583824768324,0.016006739679865205,0.08761583824768324,0.08761583824768324,0.08171861836562763
9,0.02,0.02274641954507161,0.15080033698399326,0.03285593934288121,0.15080033698399326,0.15080033698399326,0.13647851727042964
9,0.03,0.030328559393428812,0.1946082561078349,0.040438079191238416,0.1937657961246841,0.1946082561078349,0.17607413647851727
9,0.04,0.03369839932603201,0.2367312552653749,0.051390058972198824,0.2342038753159225,0.2367312552653749,0.21229991575400167
9,0.05,0.04212299915754002,0.2704296545914069,0.05307497893850042,0.2679022746419545,0.2704296545914069,0.2417860151642797
9,0.060000000000000005,0.05223251895534962,0.2982308340353833,0.06992417860151642,0.2973883740522325,0.2982308340353833,0.2687447346251053
9,0.06999999999999999,0.05897219882055602,0.3218197135636057,0.07329401853411963,0.3192923336141533,0.3218197135636057,0.2931760741364785
9,0.08,0.06571187868576242,0.34119629317607414,0.08171861836562763,0.33782645324347094,0.34119629317607414,0.3117101937657961
9,0.09,0.06992417860151642,0.36057287278854255,0.09098567818028644,0.35046335299073295,0.36057287278854255,0.32940185341196293
9,0.09999999999999999,0.08003369839932603,0.37826453243470937,0.11625947767481044,0.37236731255265376,0.37826453243470937,0.34709351305812974
9,0.11,0.08593091828138164,0.401010951979781,0.12468407750631845,0.38584667228306657,0.401010951979781,0.35720303285593935
9,0.12,0.08930075821398484,0.4153327716933446,0.14321819713563605,0.4060657118786858,0.4153327716933446,0.37657961246840777
9,0.13,0.09604043807919124,0.42628475147430495,0.15080033698399326,0.41786015164279694,0.42628475147430495,0.3875315922493682
9,0.14,0.09941027801179445,0.43976411120471776,0.15585509688289806,0.42881213142375735,0.43976411120471776,0.4077506318449874
9,0.15000000000000002,0.10699241786015164,0.45408593091828137,0.16680707666385847,0.44060657118786856,0.45408593091828137,0.42038753159224934
9,0.16,0.11710193765796124,0.4700926705981466,0.17017691659646167,0.45492839090143217,0.4700926705981466,0.43386689132266215
9,0.17,0.12721145745577084,0.4877843302443134,0.17101937657961247,0.4675652906486942,0.4877843302443134,0.44397641112047176
9,0.18000000000000002,0.13479359730412804,0.4987363100252738,0.1962931760741365,0.4835720303285594,0.4987363100252738,0.45408593091828137
9,0.19,0.14069081718618365,0.510530749789385,0.21314237573715247,0.4970513900589722,0.510530749789385,0.4700926705981466
9,0.2,0.14995787700084245,0.5214827295703454,0.22072451558550968,0.5054759898904801,0.5214827295703454,0.4818871103622578
9,0.22,0.15922493681550126,0.5467565290648694,0.2384161752316765,0.5282224094355518,0.5467565290648694,0.5071609098567817
9,0.26105263157894737,0.19292333614153329,0.5973041280539174,0.2898062342038753,0.569502948609941,0.5973041280539174,0.544229149115417
9,0.30210526315789477,0.22830665543386688,0.6478517270429655,0.33024431339511373,0.6175231676495366,0.6478517270429655,0.5871946082561078
9,0.3431578947368421,0.2653748946925021,0.6866048862679023,0.37742207245155857,0.6588037068239259,0.6866048862679023,0.6276326874473462
9,0.38421052631578945,0.3016006739679865,0.7211457455770851,0.413647851727043,0.6899747262005055,0.7211457455770851,0.6714406065711879
9,0.42526315789473684,0.33698399326032014,0.7582139848357203,0.44144903117101936,0.7253580454928391,0.7582139848357203,0.6992417860151643
9,0.46631578947368424,0.36731255265374896,0.7860151642796968,0.4759898904802022,0.7582139848357203,0.7860151642796968,0.7354675652906487
9,0.5073684210526316,0.3984835720303286,0.8053917438921652,0.5282224094355518,0.7826453243470936,0.8053917438921652,0.7716933445661331
9,0.5484210526315789,0.44060657118786856,0.8247683235046336,0.5644481887110362,0.8079191238416176,0.8247683235046336,0.793597304128054
9,0.5894736842105263,0.4776748104465038,0.8500421229991575,0.5973041280539174,0.8239258635214828,0.8500421229991575,0.8180286436394272
9,0.6305263157894737,0.5248525695029486,0.8711036225779275,0.645324347093513,0.8407750631844987,0.8711036225779275,0.8357203032855939
9,0.671578947368421,0.5619208087615838,0.8963774220724515,0.6798652064026959,0.8652064026958719,0.8963774220724515,0.8542544229149115
9,0.7126315789473684,0.6099410278011794,0.9106992417860151,0.7127211457455771,0.8845829823083403,0.9106992417860151,0.8744734625105307
9,0.7536842105263157,0.6427969671440606,0.9275484414490311,0.7615838247683235,0.9048020219039595,0.9275484414490311,0.8930075821398483
9,0.7947368421052632,0.6874473462510531,0.9427127211457456,0.7969671440606572,0.9182813816343723,0.9427127211457456,0.9149115417017691
9,0.8357894736842105,0.7438921651221567,0.9629317607413648,0.8433024431339511,0.93681550126369,0.9629317607413648,0.93681550126369
9,0.8768421052631579,0.7910699241786016,0.9814658803706824,0.8913226621735467,0.9570345408593092,0.9814658803706824,0.9545071609098568
9,0.9178947368421052,0.8458298230834035,0.9907329401853412,0.9106992417860151,0.9713563605728728,0.9907329401853412,0.9696714406065712
9,0.9589473684210525,0.9098567818028643,0.9974726200505476,0.9738837405223252,0.9898904802021904,0.9974726200505476,0.9898904802021904
9,1.0,1.0,1.0,1.0,1.0,1.0,1.0
