trial,score,spearman,auroc_q90,recall10_hidden
0,raw_bulk,-0.08656705411343711,0.5748047240235813,0.03285593934288121
0,raw_cluster,0.21138503599099306,0.6314644762725782,0.4911541701769166
0,label,0.6150548352944166,0.6805532461066465,0.11625947767481044
0,hyb_max,0.04229613331393874,0.6059932995460406,0.401010951979781
0,hyb_switch,0.09749313225295361,0.610578388934074,0.4911541701769166
0,hyb_rank,0.007213346253250886,0.6001624956333659,0.3176074136478517
1,raw_bulk,0.08861537695090378,0.6104030685287299,0.09856781802864364
1,raw_cluster,0.013356568538473513,0.5745238389295978,0.4069081718618366
1,label,0.6150548352944166,0.6805532461066465,0.11625947767481044
1,hyb_max,0.05275857855311657,0.5977993092843845,0.392586352148273
1,hyb_switch,0.001482091990481587,0.5826238645214178,0.4069081718618366
1,hyb_rank,0.06814444106893897,0.6056618080524158,0.36225779275484415
2,raw_bulk,0.06573176174531367,0.5837539502995663,0.06571187868576242
2,raw_cluster,0.12453628945670425,0.6215586575329862,0.4085930918281382
2,label,0.6150548352944166,0.6805532461066465,0.11625947767481044
2,hyb_max,0.11566938312187554,0.6167944479930775,0.388374052232519
2,hyb_switch,-0.005270713984017898,0.5643859846775848,0.4085930918281382
2,hyb_rank,0.10780957323006116,0.6118760450400973,0.34709351305812974
3,raw_bulk,0.19800842036467106,0.6330571222120207,0.14827295703454085
3,raw_cluster,0.13010641751378066,0.6050413701795642,0.396798652064027
3,label,0.6150548352944166,0.6805532461066465,0.11625947767481044
3,hyb_max,0.15330763913481454,0.6252317324613024,0.3993260320134794
3,hyb_switch,0.07891835178041795,0.6073105768002686,0.396798652064027
3,hyb_rank,0.1640828031162024,0.6308941880266674,0.38079191238416177
4,raw_bulk,0.16550014098621635,0.6214980121728921,0.14406065711878685
4,raw_cluster,0.10201799398665427,0.6056190069445262,0.4077506318449874
4,label,0.6150548352944166,0.6805532461066465,0.11625947767481044
4,hyb_max,0.11709552741133566,0.6111174660519376,0.4018534119629318
4,hyb_switch,-0.037193147968213214,0.5739048316086106,0.4077506318449874
4,hyb_rank,0.13296814786729586,0.6166197550227617,0.38416175231676497
5,raw_bulk,0.04505557289458451,0.5760378597307757,0.10951979780960404
5,raw_cluster,0.06669270132094786,0.5806689978304049,0.41870261162594774
5,label,0.6150548352944166,0.6805532461066465,0.11625947767481044
5,hyb_max,0.07113689440300944,0.591341281161592,0.4111204717775906
5,hyb_switch,0.032877370683621045,0.571599730684808,0.41870261162594774
5,hyb_rank,0.0698817255334477,0.5914052443981158,0.3900589721988206
6,raw_bulk,0.2428640093202761,0.6383064946326823,0.13732097725358045
6,raw_cluster,0.11275707379837224,0.606801375628712,0.44397641112047176
6,label,0.6150548352944166,0.6805532461066465,0.11625947767481044
6,hyb_max,0.15524910157144461,0.6249907170987565,0.43302443133951135
6,hyb_switch,0.04732704454708589,0.5964764353097043,0.44397641112047176
6,hyb_rank,0.18048388313622626,0.6325090050102695,0.4077506318449874
7,raw_bulk,0.10048445412359437,0.6208847320788431,0.06655433866891322
7,raw_cluster,0.09389333856737452,0.5981296814339189,0.43470935130581295
7,label,0.6150548352944166,0.6805532461066465,0.11625947767481044
7,hyb_max,0.10723275003741084,0.6194186975086287,0.41701769165964614
7,hyb_switch,0.0680107898088472,0.6100998969425417,0.43470935130581295
7,hyb_rank,0.10853927665455085,0.6243193064042067,0.37657961246840777
8,raw_bulk,0.22586944556658653,0.6256153311791565,0.14995787700084245
8,raw_cluster,0.19290606504607036,0.6340460602062057,0.506318449873631
8,label,0.6150548352944166,0.6805532461066465,0.11625947767481044
8,hyb_max,0.21689485664169778,0.6369389422645079,0.4962089300758214
8,hyb_switch,0.18206416513702095,0.6307712157806034,0.506318449873631
8,hyb_rank,0.22646548031638558,0.6371007803459642,0.4625105307497894
9,raw_bulk,0.08774360934082656,0.6042083874360101,0.08003369839932603
9,raw_cluster,-0.03553048778783634,0.5709903306489739,0.37826453243470937
9,label,0.6150548352944166,0.6805532461066465,0.11625947767481044
9,hyb_max,0.02658552173619559,0.5934544472005017,0.37236731255265376
9,hyb_switch,0.0018190019624170603,0.5831220027585557,0.37826453243470937
9,hyb_rank,0.041224432172940306,0.597625956515289,0.34709351305812974
