trial,cluster,niche,n,score,spearman,auroc_q90
0,0,hidden,4182,raw_bulk,-0.3235351143868097,0.2847370166874168
0,1,populous,21888,raw_bulk,0.1245579819659364,0.6229823948645479
0,2,populous,6733,raw_bulk,0.18306608422417253,0.6465654496364386
0,3,hidden,3900,raw_bulk,-0.2934876492962091,0.2796033311417927
0,4,hidden,3781,raw_bulk,-0.28694572096320187,0.28809702612229793
0,5,populous,6564,raw_bulk,0.181323322002463,0.6732764753733607
0,0,hidden,4182,raw_cluster,0.5302072129950772,0.8912625571051381
0,1,populous,21888,raw_cluster,0.12160905050029515,0.6123698668153518
0,2,populous,6733,raw_cluster,0.28480897190169696,0.7115025689522856
0,3,hidden,3900,raw_cluster,0.3755941257407759,0.8316400029220542
0,4,hidden,3781,raw_cluster,0.3546771898357682,0.8515043526797861
0,5,populous,6564,raw_cluster,0.3184246403695124,0.7099334458330402
0,0,hidden,4182,label,-0.016042623173800542,0.4978819646387353
0,1,populous,21888,label,-0.008280902730785432,0.49178025584730417
0,2,populous,6733,label,-0.002131887040703207,0.48654771110783523
0,3,hidden,3900,label,-0.03280222531534727,0.4960048213894368
0,4,hidden,3781,label,-0.015048981331814232,0.47259576439711615
0,5,populous,6564,label,-0.0054859330957892785,0.49548029979651625
0,0,hidden,4182,hyb_max,0.21967284721842661,0.78200821083569
0,1,populous,21888,hyb_max,0.12921946306192325,0.6245611807172593
0,2,populous,6733,hyb_max,0.26962493870264487,0.7074509166294054
0,3,hidden,3900,hyb_max,0.1406052303032822,0.7244955803930162
0,4,hidden,3781,hyb_max,0.12508732131126718,0.7561962911654361
0,5,populous,6564,hyb_max,0.30097329183828214,0.7141002638821572
0,0,hidden,4182,hyb_switch,0.5302072129950772,0.8912625571051381
0,1,populous,21888,hyb_switch,0.1245579819659364,0.6229823948645479
0,2,populous,6733,hyb_switch,0.18306608422417253,0.6465654496364386
0,3,hidden,3900,hyb_switch,0.3755941257407759,0.8316400029220542
0,4,hidden,3781,hyb_switch,0.3546771898357682,0.8515043526797861
0,5,populous,6564,hyb_switch,0.181323322002463,0.6732764753733607
0,0,hidden,4182,hyb_rank,0.13068747009397344,0.7287126188481363
0,1,populous,21888,hyb_rank,0.13101215550518977,0.6269917535287994
0,2,populous,6733,hyb_rank,0.2607368840026604,0.7027422726963298
0,3,hidden,3900,hyb_rank,0.0652938883172371,0.6724494119365915
0,4,hidden,3781,hyb_rank,0.05940792819791827,0.705406216425905
0,5,populous,6564,hyb_rank,0.28787940740022444,0.7116570155523243
1,0,hidden,4182,raw_bulk,0.03551186718736131,0.42587383625389025
1,1,populous,21888,raw_bulk,0.11630280450483942,0.6192500930692625
1,2,populous,6733,raw_bulk,0.23062289370035635,0.6712867485551327
1,3,hidden,3900,raw_bulk,0.0026492343824409386,0.39792753305573814
1,4,hidden,3781,raw_bulk,0.04042245579597791,0.4401632857407174
1,5,populous,6564,raw_bulk,0.23095987185402417,0.683522812626662
1,0,hidden,4182,raw_cluster,0.12457765720275828,0.7775330326625851
1,1,populous,21888,raw_cluster,0.0969337921472894,0.6018128568162355
1,2,populous,6733,raw_cluster,0.2805180401834772,0.6965110145880054
1,3,hidden,3900,raw_cluster,0.1271476654676561,0.7227839871429614
1,4,hidden,3781,raw_cluster,0.25933507362891195,0.8271560885431
1,5,populous,6564,raw_cluster,0.23693772908801283,0.6620525295814191
1,0,hidden,4182,label,-0.016042623173800542,0.4978819646387353
1,1,populous,21888,label,-0.008280902730785432,0.49178025584730417
1,2,populous,6733,label,-0.002131887040703207,0.48654771110783523
1,3,hidden,3900,label,-0.03280222531534727,0.4960048213894368
1,4,hidden,3781,label,-0.015048981331814232,0.47259576439711615
1,5,populous,6564,label,-0.0054859330957892785,0.49548029979651625
1,0,hidden,4182,hyb_max,0.1746652129505489,0.7603597901182028
1,1,populous,21888,hyb_max,0.11177168555463189,0.615220581863023
1,2,populous,6733,hyb_max,0.28212133272431006,0.7000283561790758
1,3,hidden,3900,hyb_max,0.14545303844074997,0.7184892979764775
1,4,hidden,3781,hyb_max,0.2669731030978108,0.7925927480732065
1,5,populous,6564,hyb_max,0.23987989200127072,0.6777679604648305
1,0,hidden,4182,hyb_switch,0.12457765720275828,0.7775330326625851
1,1,populous,21888,hyb_switch,0.11630280450483942,0.6192500930692625
1,2,populous,6733,hyb_switch,0.23062289370035635,0.6712867485551327
1,3,hidden,3900,hyb_switch,0.1271476654676561,0.7227839871429614
1,4,hidden,3781,hyb_switch,0.25933507362891195,0.8271560885431
1,5,populous,6564,hyb_switch,0.23693772908801283,0.6620525295814191
1,0,hidden,4182,hyb_rank,0.19375758428229767,0.7431059994406027
1,1,populous,21888,hyb_rank,0.11537752040721441,0.6191023464121785
1,2,populous,6733,hyb_rank,0.2753243231063662,0.6992070554483287
1,3,hidden,3900,hyb_rank,0.1538509801869985,0.7079699028416977
1,4,hidden,3781,hyb_rank,0.24994103402573106,0.7623377754144726
1,5,populous,6564,hyb_rank,0.2383058983596383,0.6801181891103066
2,0,hidden,4182,raw_bulk,-0.09249731026775292,0.4116846800621807
2,1,populous,21888,raw_bulk,0.08285656073682982,0.5925784008672689
2,2,populous,6733,raw_bulk,0.18235592313841803,0.6317786082748129
2,3,hidden,3900,raw_bulk,-0.05752834161669163,0.41810358682153553
2,4,hidden,3781,raw_bulk,-0.06786593527906762,0.4383014053892691
2,5,populous,6564,raw_bulk,0.16555899797389492,0.6227175713668406
2,0,hidden,4182,raw_cluster,0.26972493808662784,0.7955643982325076
2,1,populous,21888,raw_cluster,0.12413245988759428,0.6380566586051089
2,2,populous,6733,raw_cluster,0.32841542317144895,0.6988177089480642
2,3,hidden,3900,raw_cluster,0.1760266679226555,0.7512089999269487
2,4,hidden,3781,raw_cluster,0.2815957747338467,0.8277655725495866
2,5,populous,6564,raw_cluster,0.25122256529496145,0.6880526908842513
2,0,hidden,4182,label,-0.016042623173800542,0.4978819646387353
2,1,populous,21888,label,-0.008280902730785432,0.49178025584730417
2,2,populous,6733,label,-0.002131887040703207,0.48654771110783523
2,3,hidden,3900,label,-0.03280222531534727,0.4960048213894368
2,4,hidden,3781,label,-0.015048981331814232,0.47259576439711615
2,5,populous,6564,label,-0.0054859330957892785,0.49548029979651625
2,0,hidden,4182,hyb_max,0.2514721784981521,0.7646446971104784
2,1,populous,21888,hyb_max,0.11591039768159142,0.6288545302091126
2,2,populous,6733,hyb_max,0.29968048747228676,0.6884860689863229
2,3,hidden,3900,hyb_max,0.15662144235107844,0.727728102856308
2,4,hidden,3781,hyb_max,0.2474730194543881,0.8084844216198903
2,5,populous,6564,hyb_max,0.24398918883892867,0.6825712289858612
2,0,hidden,4182,hyb_switch,0.26972493808662784,0.7955643982325076
2,1,populous,21888,hyb_switch,0.08285656073682982,0.5925784008672689
2,2,populous,6733,hyb_switch,0.18235592313841803,0.6317786082748129
2,3,hidden,3900,hyb_switch,0.1760266679226555,0.7512089999269487
2,4,hidden,3781,hyb_switch,0.2815957747338467,0.8277655725495866
2,5,populous,6564,hyb_switch,0.16555899797389492,0.6227175713668406
2,0,hidden,4182,hyb_rank,0.19989979397472496,0.7272963670254969
2,1,populous,21888,hyb_rank,0.10815113169673461,0.6216774192112072
2,2,populous,6733,hyb_rank,0.27812556710103364,0.6796995714250034
2,3,hidden,3900,hyb_rank,0.13735710479868737,0.6991971656074221
2,4,hidden,3781,hyb_rank,0.21201570747406795,0.7773610897325267
2,5,populous,6564,hyb_rank,0.23468781524619295,0.6775986697927464
3,0,hidden,4182,raw_bulk,0.038026312334731506,0.533481068334626
3,1,populous,21888,raw_bulk,0.13613865879593592,0.6341968322662187
3,2,populous,6733,raw_bulk,0.17979677858765294,0.6345062376247806
3,3,hidden,3900,raw_bulk,0.0655453635365889,0.5390401051939514
3,4,hidden,3781,raw_bulk,0.027973539218455384,0.5388110708416322
3,5,populous,6564,raw_bulk,0.15898158211539531,0.627582423557016
3,0,hidden,4182,raw_cluster,0.33124394773292765,0.8434220398719602
3,1,populous,21888,raw_cluster,0.09050864712794499,0.5962310201144864
3,2,populous,6733,raw_cluster,0.3101075183081182,0.7129708215407052
3,3,hidden,3900,raw_cluster,0.1394815889003219,0.7115538023230331
3,4,hidden,3781,raw_cluster,0.2996609535898986,0.8199612231348934
3,5,populous,6564,raw_cluster,0.2841655100724646,0.6893614082716402
3,0,hidden,4182,label,-0.016042623173800542,0.4978819646387353
3,1,populous,21888,label,-0.008280902730785432,0.49178025584730417
3,2,populous,6733,label,-0.002131887040703207,0.48654771110783523
3,3,hidden,3900,label,-0.03280222531534727,0.4960048213894368
3,4,hidden,3781,label,-0.015048981331814232,0.47259576439711615
3,5,populous,6564,label,-0.0054859330957892785,0.49548029979651625
3,0,hidden,4182,hyb_max,0.2980049450011382,0.8131460895784034
3,1,populous,21888,hyb_max,0.11889377984859827,0.6225566869091105
3,2,populous,6733,hyb_max,0.2806286590856506,0.696714992974622
3,3,hidden,3900,hyb_max,0.17329398499378848,0.7102534882022062
3,4,hidden,3781,hyb_max,0.2878479323790575,0.8069443861392143
3,5,populous,6564,hyb_max,0.24714212526689577,0.6865839590259885
3,0,hidden,4182,hyb_switch,0.33124394773292765,0.8434220398719602
3,1,populous,21888,hyb_switch,0.13613865879593592,0.6341968322662187
3,2,populous,6733,hyb_switch,0.17979677858765294,0.6345062376247806
3,3,hidden,3900,hyb_switch,0.1394815889003219,0.7115538023230331
3,4,hidden,3781,hyb_switch,0.2996609535898986,0.8199612231348934
3,5,populous,6564,hyb_switch,0.15898158211539531,0.627582423557016
3,0,hidden,4182,hyb_rank,0.2785386229520864,0.7958764429690677
3,1,populous,21888,hyb_rank,0.12446573328071844,0.6281130604450336
3,2,populous,6733,hyb_rank,0.26576671843157007,0.6887970564425092
3,3,hidden,3900,hyb_rank,0.18600720927607767,0.7089970048944408
3,4,hidden,3781,hyb_rank,0.2648675717657214,0.789017471356584
3,5,populous,6564,hyb_rank,0.23367050373866805,0.6815791908008942
4,0,hidden,4182,raw_bulk,0.03323320622062644,0.5536485450279921
4,1,populous,21888,raw_bulk,0.11251725427133598,0.6080952088641687
4,2,populous,6733,raw_bulk,0.20335626524834005,0.6541941923214993
4,3,hidden,3900,raw_bulk,0.04938531938506625,0.5248520710059171
4,4,hidden,3781,raw_bulk,0.022274615441890768,0.5338271397630786
4,5,populous,6564,raw_bulk,0.18137037332539335,0.6501885259059822
4,0,hidden,4182,raw_cluster,0.12288859015855895,0.7255794867371473
4,1,populous,21888,raw_cluster,0.09832821890090591,0.6013534530684982
4,2,populous,6733,raw_cluster,0.2845241047822721,0.6824654008089591
4,3,hidden,3900,raw_cluster,0.21341552265413333,0.7483855650522317
4,4,hidden,3781,raw_cluster,0.32045791422237513,0.8432693219645909
4,5,populous,6564,raw_cluster,0.3353910821867346,0.7405222346677921
4,0,hidden,4182,label,-0.016042623173800542,0.4978819646387353
4,1,populous,21888,label,-0.008280902730785432,0.49178025584730417
4,2,populous,6733,label,-0.002131887040703207,0.48654771110783523
4,3,hidden,3900,label,-0.03280222531534727,0.4960048213894368
4,4,hidden,3781,label,-0.015048981331814232,0.47259576439711615
4,5,populous,6564,label,-0.0054859330957892785,0.49548029979651625
4,0,hidden,4182,hyb_max,0.151467171664116,0.7200590855440202
4,1,populous,21888,hyb_max,0.10465487467133021,0.606367168972061
4,2,populous,6733,hyb_max,0.27247898288520456,0.6780775392125797
4,3,hidden,3900,hyb_max,0.2434181348527575,0.7495397764628533
4,4,hidden,3781,hyb_max,0.3052709364788561,0.8385302728529294
4,5,populous,6564,hyb_max,0.29201566270995644,0.7198643922451989
4,0,hidden,4182,hyb_switch,0.12288859015855895,0.7255794867371473
4,1,populous,21888,hyb_switch,0.11251725427133598,0.6080952088641687
4,2,populous,6733,hyb_switch,0.20335626524834005,0.6541941923214993
4,3,hidden,3900,hyb_switch,0.21341552265413333,0.7483855650522317
4,4,hidden,3781,hyb_switch,0.32045791422237513,0.8432693219645909
4,5,populous,6564,hyb_switch,0.18137037332539335,0.6501885259059822
4,0,hidden,4182,hyb_rank,0.15542373673155682,0.7094058021293882
4,1,populous,21888,hyb_rank,0.10739331528395621,0.6090758886059313
4,2,populous,6733,hyb_rank,0.2602819892247543,0.6738848406103581
4,3,hidden,3900,hyb_rank,0.2516750630450646,0.7351888377529403
4,4,hidden,3781,hyb_rank,0.2701235130909714,0.8185758908650476
4,5,populous,6564,hyb_rank,0.25796642393053404,0.7015333302928006
5,0,hidden,4182,raw_bulk,-0.1199706194333282,0.4351254553030798
5,1,populous,21888,raw_bulk,0.074845407442496,0.597271438576803
5,2,populous,6733,raw_bulk,0.15324872007429738,0.6018579419095021
5,3,hidden,3900,raw_bulk,-0.14070889894915126,0.426315289648623
5,4,hidden,3781,raw_bulk,-0.12028657690978031,0.4314913545004641
5,5,populous,6564,raw_bulk,0.14856761557382903,0.6157436717626509
5,0,hidden,4182,raw_cluster,0.20519709164581137,0.8356659523040889
5,1,populous,21888,raw_cluster,0.08243478571716653,0.5889611703186404
5,2,populous,6733,raw_cluster,0.30145314327559053,0.7248118525890074
5,3,hidden,3900,raw_cluster,0.2548011892601803,0.7878150339688801
5,4,hidden,3781,raw_cluster,0.2623511482468239,0.8024782055049466
5,5,populous,6564,raw_cluster,0.2539917141746681,0.6926851226996631
5,0,hidden,4182,label,-0.016042623173800542,0.4978819646387353
5,1,populous,21888,label,-0.008280902730785432,0.49178025584730417
5,2,populous,6733,label,-0.002131887040703207,0.48654771110783523
5,3,hidden,3900,label,-0.03280222531534727,0.4960048213894368
5,4,hidden,3781,label,-0.015048981331814232,0.47259576439711615
5,5,populous,6564,label,-0.0054859330957892785,0.49548029979651625
5,0,hidden,4182,hyb_max,0.18778354257430033,0.8014773922954126
5,1,populous,21888,hyb_max,0.08471665475813768,0.6027407781770744
5,2,populous,6733,hyb_max,0.26616011111209853,0.6909597660590739
5,3,hidden,3900,hyb_max,0.21519479349381634,0.7621652421652421
5,4,hidden,3781,hyb_max,0.1886548511443562,0.7659573641060565
5,5,populous,6564,hyb_max,0.23272955611707652,0.6797141590131565
5,0,hidden,4182,hyb_switch,0.20519709164581137,0.8356659523040889
5,1,populous,21888,hyb_switch,0.074845407442496,0.597271438576803
5,2,populous,6733,hyb_switch,0.15324872007429738,0.6018579419095021
5,3,hidden,3900,hyb_switch,0.2548011892601803,0.7878150339688801
5,4,hidden,3781,hyb_switch,0.2623511482468239,0.8024782055049466
5,5,populous,6564,hyb_switch,0.14856761557382903,0.6157436717626509
5,0,hidden,4182,hyb_rank,0.17599972725461993,0.7841462246709419
5,1,populous,21888,hyb_rank,0.08362702021938473,0.6032783107095734
5,2,populous,6733,hyb_rank,0.25378664585855504,0.6801045897340837
5,3,hidden,3900,hyb_rank,0.19272370811632455,0.7468631748118928
5,4,hidden,3781,hyb_rank,0.16647620211623163,0.7476572958500669
5,5,populous,6564,hyb_rank,0.22599165840768082,0.6745210323690464
6,0,hidden,4182,raw_bulk,0.15584459674606504,0.5300536501306212
6,1,populous,21888,raw_bulk,0.1104848615586826,0.6105312082520323
6,2,populous,6733,raw_bulk,0.19729434256847048,0.6429393848717091
6,3,hidden,3900,raw_bulk,0.11100377587138563,0.4901884724961648
6,4,hidden,3781,raw_bulk,0.12197555199314253,0.5139699331588841
6,5,populous,6564,raw_bulk,0.16332837130217204,0.6445589024604866
6,0,hidden,4182,raw_cluster,0.11531677889083704,0.8252669980344988
6,1,populous,21888,raw_cluster,0.0896609050646616,0.6043084557816704
6,2,populous,6733,raw_cluster,0.1901512430226483,0.643516793077762
6,3,hidden,3900,raw_cluster,0.2383101713348112,0.8193359631821171
6,4,hidden,3781,raw_cluster,0.22129900143630737,0.8021307063328809
6,5,populous,6564,raw_cluster,0.2881726670848327,0.7028912630810542
6,0,hidden,4182,label,-0.016042623173800542,0.4978819646387353
6,1,populous,21888,label,-0.008280902730785432,0.49178025584730417
6,2,populous,6733,label,-0.002131887040703207,0.48654771110783523
6,3,hidden,3900,label,-0.03280222531534727,0.4960048213894368
6,4,hidden,3781,label,-0.015048981331814232,0.47259576439711615
6,5,populous,6564,label,-0.0054859330957892785,0.49548029979651625
6,0,hidden,4182,hyb_max,0.1495775546364469,0.8092829503702994
6,1,populous,21888,hyb_max,0.10462451090783305,0.6148550300570874
6,2,populous,6733,hyb_max,0.2068589533073743,0.6568951306220777
6,3,hidden,3900,hyb_max,0.2569228646133476,0.803325297684272
6,4,hidden,3781,hyb_max,0.2496114767287632,0.7931400398341333
6,5,populous,6564,hyb_max,0.2672302273723559,0.7046880117209955
6,0,hidden,4182,hyb_switch,0.11531677889083704,0.8252669980344988
6,1,populous,21888,hyb_switch,0.1104848615586826,0.6105312082520323
6,2,populous,6733,hyb_switch,0.19729434256847048,0.6429393848717091
6,3,hidden,3900,hyb_switch,0.2383101713348112,0.8193359631821171
6,4,hidden,3781,hyb_switch,0.22129900143630737,0.8021307063328809
6,5,populous,6564,hyb_switch,0.16332837130217204,0.6445589024604866
6,0,hidden,4182,hyb_rank,0.17527302230119995,0.793010324748509
6,1,populous,21888,hyb_rank,0.10807045802303093,0.6163482893564594
6,2,populous,6733,hyb_rank,0.2115064275312483,0.655894828450014
6,3,hidden,3900,hyb_rank,0.25745683600164904,0.7812550222806633
6,4,hidden,3781,hyb_rank,0.26032358665205846,0.7720833002937029
6,5,populous,6564,hyb_rank,0.24870471544571576,0.6956493843307955
7,0,hidden,4182,raw_bulk,-0.199718266604086,0.3725896605371863
7,1,populous,21888,raw_bulk,0.14816663798922794,0.6278078735030738
7,2,populous,6733,raw_bulk,0.23247126705956814,0.6608610777404974
7,3,hidden,3900,raw_bulk,-0.1734434502339799,0.3499634743224487
7,4,hidden,3781,raw_bulk,-0.1644436231176048,0.38172123258811474
7,5,populous,6564,raw_bulk,0.24545011245248574,0.6693142490953771
7,0,hidden,4182,raw_cluster,0.3607990761919707,0.8651789151625202
7,1,populous,21888,raw_cluster,0.09479056269764463,0.6012727269480603
7,2,populous,6733,raw_cluster,0.2988986321045822,0.6792661479624444
7,3,hidden,3900,raw_cluster,0.1367944755895826,0.7796727299291402
7,4,hidden,3781,raw_cluster,0.2468893505822004,0.8068588718015695
7,5,populous,6564,raw_cluster,0.17536942381246146,0.6759258615078619
7,0,hidden,4182,label,-0.016042623173800542,0.4978819646387353
7,1,populous,21888,label,-0.008280902730785432,0.49178025584730417
7,2,populous,6733,label,-0.002131887040703207,0.48654771110783523
7,3,hidden,3900,label,-0.03280222531534727,0.4960048213894368
7,4,hidden,3781,label,-0.015048981331814232,0.47259576439711615
7,5,populous,6564,label,-0.0054859330957892785,0.49548029979651625
7,0,hidden,4182,hyb_max,0.30948576493836183,0.8412548511223145
7,1,populous,21888,hyb_max,0.13634578303836112,0.627181359033166
7,2,populous,6733,hyb_max,0.2995341765061318,0.6766070827760455
7,3,hidden,3900,hyb_max,0.11640273217637946,0.7546212287237928
7,4,hidden,3781,hyb_max,0.16335684116116797,0.7535733332089488
7,5,populous,6564,hyb_max,0.19456357725871787,0.678652549319114
7,0,hidden,4182,hyb_switch,0.3607990761919707,0.8651789151625202
7,1,populous,21888,hyb_switch,0.14816663798922794,0.6278078735030738
7,2,populous,6733,hyb_switch,0.23247126705956814,0.6608610777404974
7,3,hidden,3900,hyb_switch,0.1367944755895826,0.7796727299291402
7,4,hidden,3781,hyb_switch,0.2468893505822004,0.8068588718015695
7,5,populous,6564,hyb_switch,0.24545011245248574,0.6693142490953771
7,0,hidden,4182,hyb_rank,0.2561919644761587,0.8085098151388631
7,1,populous,21888,hyb_rank,0.14567538609428998,0.6314986874990304
7,2,populous,6733,hyb_rank,0.2932432911675533,0.6748185375949552
7,3,hidden,3900,hyb_rank,0.09740855067591965,0.7280663306304331
7,4,hidden,3781,hyb_rank,0.11276774448295125,0.7143797800571235
7,5,populous,6564,hyb_rank,0.20047461914177117,0.6795961451199838
8,0,hidden,4182,raw_bulk,0.07311930248831779,0.5312326972144934
8,1,populous,21888,raw_bulk,0.0840324449397956,0.6008559705245071
8,2,populous,6733,raw_bulk,0.24322582099705858,0.6489394838000022
8,3,hidden,3900,raw_bulk,0.04973694718343353,0.5029154795821462
8,4,hidden,3781,raw_bulk,0.05894975354567004,0.5272269877030382
8,5,populous,6564,raw_bulk,0.24833864302696065,0.6545790034731644
8,0,hidden,4182,raw_cluster,0.2665831125465934,0.8519296986041072
8,1,populous,21888,raw_cluster,0.11623034355325523,0.6168520333346699
8,2,populous,6733,raw_cluster,0.31964220665708154,0.6841395907600974
8,3,hidden,3900,raw_cluster,0.2903402371639259,0.8225283074001022
8,4,hidden,3781,raw_cluster,0.3177492299877725,0.8508466696829906
8,5,populous,6564,raw_cluster,0.3196608623161521,0.735323181561798
8,0,hidden,4182,label,-0.016042623173800542,0.4978819646387353
8,1,populous,21888,label,-0.008280902730785432,0.49178025584730417
8,2,populous,6733,label,-0.002131887040703207,0.48654771110783523
8,3,hidden,3900,label,-0.03280222531534727,0.4960048213894368
8,4,hidden,3781,label,-0.015048981331814232,0.47259576439711615
8,5,populous,6564,label,-0.0054859330957892785,0.49548029979651625
8,0,hidden,4182,hyb_max,0.2781243094244875,0.8401677684425098
8,1,populous,21888,hyb_max,0.10621783264622042,0.6172100482290449
8,2,populous,6733,hyb_max,0.2980338539488406,0.6695635842014455
8,3,hidden,3900,hyb_max,0.2952982153384756,0.8104974797282489
8,4,hidden,3781,hyb_max,0.32169210676379545,0.8414292088990883
8,5,populous,6564,hyb_max,0.3092802454379556,0.7180560483537448
8,0,hidden,4182,hyb_switch,0.2665831125465934,0.8519296986041072
8,1,populous,21888,hyb_switch,0.11623034355325523,0.6168520333346699
8,2,populous,6733,hyb_switch,0.24322582099705858,0.6489394838000022
8,3,hidden,3900,hyb_switch,0.2903402371639259,0.8225283074001022
8,4,hidden,3781,hyb_switch,0.3177492299877725,0.8508466696829906
8,5,populous,6564,hyb_switch,0.24833864302696065,0.6545790034731644
8,0,hidden,4182,hyb_rank,0.2785826196091126,0.8247475577108347
8,1,populous,21888,hyb_rank,0.10061036846612151,0.6156516932042869
8,2,populous,6733,hyb_rank,0.288386070172414,0.6638046842057063
8,3,hidden,3900,hyb_rank,0.28040934771491155,0.7922302578712834
8,4,hidden,3781,hyb_rank,0.3098519595051967,0.8240962300615549
8,5,populous,6564,hyb_rank,0.30043238462323407,0.7063074818489222
9,0,hidden,4182,raw_bulk,-0.11157482170419893,0.4203927577714678
9,1,populous,21888,raw_bulk,0.12641470279012385,0.5958947579063999
9,2,populous,6733,raw_bulk,0.24743030441721137,0.6726710100431808
9,3,hidden,3900,raw_bulk,-0.11829498678923188,0.4059054715464972
9,4,hidden,3781,raw_bulk,-0.09344589662515679,0.4306890745327419
9,5,populous,6564,raw_bulk,0.22182575900129647,0.6674306649052191
9,0,hidden,4182,raw_cluster,0.07430599538752576,0.7781964448464099
9,1,populous,21888,raw_cluster,0.09220551419004361,0.5965678388945034
9,2,populous,6733,raw_cluster,0.32936418150482794,0.7152273171381515
9,3,hidden,3900,raw_cluster,0.14187278391921399,0.7257286872671488
9,4,hidden,3781,raw_cluster,0.10508839905298946,0.7903996940141518
9,5,populous,6564,raw_cluster,0.24070410133397482,0.6972268538810208
9,0,hidden,4182,label,-0.016042623173800542,0.4978819646387353
9,1,populous,21888,label,-0.008280902730785432,0.49178025584730417
9,2,populous,6733,label,-0.002131887040703207,0.48654771110783523
9,3,hidden,3900,label,-0.03280222531534727,0.4960048213894368
9,4,hidden,3781,label,-0.015048981331814232,0.47259576439711615
9,5,populous,6564,label,-0.0054859330957892785,0.49548029979651625
9,0,hidden,4182,hyb_max,0.07726829438203577,0.7503185456685717
9,1,populous,21888,hyb_max,0.1130848627714542,0.6003897951516138
9,2,populous,6733,hyb_max,0.3008241158426674,0.7039223109257485
9,3,hidden,3900,hyb_max,0.1319459203727151,0.7068018116736066
9,4,hidden,3781,hyb_max,0.12223244041079634,0.7647166288071372
9,5,populous,6564,hyb_max,0.2407114201693569,0.6945944741154048
9,0,hidden,4182,hyb_switch,0.07430599538752576,0.7781964448464099
9,1,populous,21888,hyb_switch,0.12641470279012385,0.5958947579063999
9,2,populous,6733,hyb_switch,0.24743030441721137,0.6726710100431808
9,3,hidden,3900,hyb_switch,0.14187278391921399,0.7257286872671488
9,4,hidden,3781,hyb_switch,0.10508839905298946,0.7903996940141518
9,5,populous,6564,hyb_switch,0.22182575900129647,0.6674306649052191
9,0,hidden,4182,hyb_rank,0.07695549342323045,0.7330533387201219
9,1,populous,21888,hyb_rank,0.11557985845287483,0.5998762184026288
9,2,populous,6733,hyb_rank,0.294265849418194,0.700890060791926
9,3,hidden,3900,hyb_rank,0.12261169426793492,0.6928972167433706
9,4,hidden,3781,hyb_rank,0.11707988025180698,0.7468845571989857
9,5,populous,6564,hyb_rank,0.2406485200304294,0.6938758261938793
