trial,budget,recall_bulk,recall_cid
0,0.01,0.007582139848357203,0.07919123841617523
0,0.02,0.02443133951137321,0.14995787700084245
0,0.03,0.03454085930918281,0.21988205560235888
0,0.04,0.051390058972198824,0.2737994945240101
0,0.05,0.06571187868576242,0.3125526537489469
0,0.060000000000000005,0.07834877843302443,0.35383319292333615
0,0.06999999999999999,0.08845829823083404,0.38500421229991577
0,0.08,0.09772535804549284,0.42207245155855094
0,0.09,0.11457455770850884,0.45577085088458297
0,0.09999999999999999,0.12636899747262004,0.4835720303285594
0,0.11,0.14069081718618365,0.514743049705139
0,0.12,0.15164279696714406,0.5341196293176074
0,0.13,0.16680707666385847,0.5551811288963774
0,0.14,0.18365627632687448,0.577927548441449
0,0.15000000000000002,0.1988205560235889,0.5964616680707666
0,0.16,0.2080876158382477,0.611625947767481
0,0.17,0.21988205560235888,0.6276326874473462
0,0.18000000000000002,0.2417860151642797,0.6385846672283066
0,0.19,0.2577927548441449,0.6503791069924179
0,0.2,0.2662173546756529,0.6604886267902275
0,0.22,0.2940185341196293,0.6849199663016007
0,0.26105263157894737,0.33782645324347094,0.7329401853411963
0,0.30210526315789477,0.38247683235046337,0.7607413647851727
0,0.3431578947368421,0.4144903117101938,0.7860151642796968
0,0.38421052631578945,0.44987363100252736,0.8087615838247684
0,0.42526315789473684,0.5113732097725358,0.814658803706824
0,0.46631578947368424,0.548441449031171,0.8491996630160067
0,0.5073684210526316,0.6099410278011794,0.8845829823083403
0,0.5484210526315789,0.6638584667228307,0.9064869418702611
0,0.5894736842105263,0.6975568660488627,0.932603201347936
0,0.6305263157894737,0.7363100252737995,0.9435551811288964
0,0.671578947368421,0.7666385846672283,0.9477674810446504
0,0.7126315789473684,0.8028643639427128,0.962089300758214
0,0.7536842105263157,0.8466722830665543,0.9755686604886268
0,0.7947368421052632,0.8618365627632687,0.9856781802864364
0,0.8357894736842105,0.8862679022746419,0.991575400168492
0,0.8768421052631579,0.9191238416175231,0.9924178601516428
0,0.9178947368421052,0.9443976411120472,0.9966301600673968
0,0.9589473684210525,0.9679865206402696,1.0
0,1.0,1.0,1.0
1,0.01,0.009267059814658803,0.08087615838247683
1,0.02,0.020219039595619208,0.14827295703454085
1,0.03,0.02864363942712721,0.2047177759056445
1,0.04,0.038753159224936815,0.2535804549283909
1,0.05,0.04970513900589722,0.2940185341196293
1,0.060000000000000005,0.05897219882055602,0.3184498736310025
1,0.06999999999999999,0.06655433866891322,0.34203875315922494
1,0.08,0.07750631844987363,0.36562763268744736
1,0.09,0.08930075821398484,0.3900589721988206
1,0.09999999999999999,0.10193765796124685,0.4085930918281382
1,0.11,0.10783487784330244,0.42881213142375735
1,0.12,0.11625947767481044,0.44987363100252736
1,0.13,0.12299915754001685,0.45998315080033697
1,0.14,0.13310867733782644,0.4785172704296546
1,0.15000000000000002,0.13900589721988205,0.489469250210615
1,0.16,0.13984835720303285,0.5080033698399326
1,0.17,0.14827295703454085,0.5155855096882898
1,0.18000000000000002,0.15754001684919966,0.5282224094355518
1,0.19,0.16764953664700927,0.540016849199663
1,0.2,0.17691659646166807,0.5492839090143218
1,0.22,0.19039595619208088,0.5636057287278854
1,0.26105263157894737,0.22577927548441448,0.5939342881213142
1,0.30210526315789477,0.2670598146588037,0.6192080876158382
1,0.3431578947368421,0.3074978938500421,0.641112047177759
1,0.38421052631578945,0.35214827295703455,0.6663858466722831
1,0.42526315789473684,0.38416175231676497,0.6874473462510531
1,0.46631578947368424,0.42796967144060655,0.7169334456613311
1,0.5073684210526316,0.464195450716091,0.7531592249368155
1,0.5484210526315789,0.5037910699241785,0.7860151642796968
1,0.5894736842105263,0.5459140690817186,0.81044650379107
1,0.6305263157894737,0.5855096882898062,0.8382476832350463
1,0.671578947368421,0.6149957877000842,0.8677337826453243
1,0.7126315789473684,0.6647009267059815,0.8938500421229991
1,0.7536842105263157,0.7144060657118787,0.9073294018534119
1,0.7947368421052632,0.7565290648694187,0.9224936815501263
1,0.8357894736842105,0.7919123841617524,0.9443976411120472
1,0.8768421052631579,0.8475147430497051,0.9696714406065712
1,0.9178947368421052,0.8913226621735467,0.9865206402695872
1,0.9589473684210525,0.9300758213984835,0.9924178601516428
1,1.0,1.0,1.0
2,0.01,0.009267059814658803,0.08845829823083404
2,0.02,0.016849199663016005,0.16343723673125526
2,0.03,0.02274641954507161,0.21988205560235888
2,0.04,0.030328559393428812,0.2594776748104465
2,0.05,0.03538331929233361,0.2906486941870261
2,0.060000000000000005,0.04212299915754002,0.3226621735467565
2,0.06999999999999999,0.051390058972198824,0.33782645324347094
2,0.08,0.05644481887110362,0.35973041280539175
2,0.09,0.06402695871946082,0.38079191238416177
2,0.09999999999999999,0.06992417860151642,0.3959561920808762
2,0.11,0.07834877843302443,0.4119629317607414
2,0.12,0.08508845829823083,0.42544229149115415
2,0.13,0.09098567818028644,0.43639427127211455
2,0.14,0.10109519797809605,0.45324347093513057
2,0.15000000000000002,0.10783487784330244,0.4667228306655434
2,0.16,0.11457455770850884,0.4759898904802022
2,0.17,0.12384161752316765,0.493681550126369
2,0.18000000000000002,0.13226621735467564,0.5004212299915753
2,0.19,0.14237573715248525,0.5206402695871946
2,0.2,0.14827295703454085,0.5341196293176074
2,0.22,0.16849199663016007,0.5475989890480202
2,0.26105263157894737,0.2064026958719461,0.577927548441449
2,0.30210526315789477,0.2493681550126369,0.5939342881213142
2,0.3431578947368421,0.2763268744734625,0.6208930075821398
2,0.38421052631578945,0.3209772535804549,0.6731255265374895
2,0.42526315789473684,0.35636057287278855,0.7262005054759899
2,0.46631578947368424,0.3993260320134794,0.7700084245998315
2,0.5073684210526316,0.43386689132266215,0.8028643639427128
2,0.5484210526315789,0.476832350463353,0.8382476832350463
2,0.5894736842105263,0.5256950294860994,0.8652064026958719
2,0.6305263157894737,0.5728727885425442,0.8812131423757371
2,0.671578947368421,0.6225779275484414,0.9005897219882055
2,0.7126315789473684,0.6613310867733783,0.9199663016006739
2,0.7536842105263157,0.6975568660488627,0.9401853411962932
2,0.7947368421052632,0.7388374052232519,0.9561920808761584
2,0.8357894736842105,0.7826453243470936,0.9713563605728728
2,0.8768421052631579,0.8281381634372368,0.9823083403538332
2,0.9178947368421052,0.8778433024431339,0.9890480202190396
2,0.9589473684210525,0.9334456613310868,0.9966301600673968
2,1.0,1.0,1.0
3,0.01,0.031171019376579612,0.08508845829823083
3,0.02,0.04549283909014322,0.15332771693344566
3,0.03,0.06486941870261162,0.2080876158382477
3,0.04,0.08087615838247683,0.2502106149957877
3,0.05,0.09435551811288964,0.2830665543386689
3,0.060000000000000005,0.10362257792754845,0.3176074136478517
3,0.06999999999999999,0.11625947767481044,0.34709351305812974
3,0.08,0.12805391743892164,0.36983993260320136
3,0.09,0.13900589721988205,0.3951137320977254
3,0.09999999999999999,0.14911541701769165,0.42375737152485254
3,0.11,0.15922493681550126,0.43807919123841615
3,0.12,0.16680707666385847,0.45240101095197977
3,0.13,0.17691659646166807,0.4709351305812974
3,0.14,0.18871103622577928,0.489469250210615
3,0.15000000000000002,0.1988205560235889,0.5004212299915753
3,0.16,0.21229991575400167,0.5139005897219882
3,0.17,0.22746419545071608,0.5299073294018534
3,0.18000000000000002,0.2358887952822241,0.5366470092670598
3,0.19,0.2426284751474305,0.5417017691659646
3,0.2,0.2493681550126369,0.5560235888795282
3,0.22,0.2653748946925021,0.5711878685762426
3,0.26105263157894737,0.3074978938500421,0.6065711878685762
3,0.30210526315789477,0.34540859309182814,0.636899747262005
3,0.3431578947368421,0.388374052232519,0.6571187868576243
3,0.38421052631578945,0.42712721145745575,0.6714406065711879
3,0.42526315789473684,0.4650379106992418,0.7000842459983151
3,0.46631578947368424,0.5113732097725358,0.7211457455770851
3,0.5073684210526316,0.5417017691659646,0.7337826453243471
3,0.5484210526315789,0.5812973883740522,0.7792754844144903
3,0.5894736842105263,0.6234203875315922,0.8239258635214828
3,0.6305263157894737,0.6613310867733783,0.8609941027801179
3,0.671578947368421,0.6891322662173547,0.8879528222409435
3,0.7126315789473684,0.7388374052232519,0.9073294018534119
3,0.7536842105263157,0.7632687447346251,0.9309182813816343
3,0.7947368421052632,0.7986520640269588,0.9502948609941028
3,0.8357894736842105,0.8365627632687447,0.9654591406908172
3,0.8768421052631579,0.8761583824768323,0.9772535804549284
3,0.9178947368421052,0.9216512215669755,0.9856781802864364
3,0.9589473684210525,0.9637742207245156,0.9949452401010952
3,1.0,1.0,1.0
4,0.01,0.02190395956192081,0.08256107834877843
4,0.02,0.039595619208087615,0.15501263689974726
4,0.03,0.05391743892165122,0.21314237573715247
4,0.04,0.07076663858466722,0.2594776748104465
4,0.05,0.08256107834877843,0.2889637742207245
4,0.060000000000000005,0.09772535804549284,0.3192923336141533
4,0.06999999999999999,0.10699241786015164,0.33782645324347094
4,0.08,0.11794439764111204,0.36983993260320136
4,0.09,0.12889637742207244,0.3900589721988206
4,0.09999999999999999,0.14153327716933445,0.4119629317607414
4,0.11,0.15080033698399326,0.43218197135636055
4,0.12,0.16175231676495366,0.44987363100252736
4,0.13,0.17186183656276327,0.4633529907329402
4,0.14,0.17775905644481887,0.4734625105307498
4,0.15000000000000002,0.18871103622577928,0.4835720303285594
4,0.16,0.2005054759898905,0.4928390901432182
4,0.17,0.21735467565290648,0.5071609098567817
4,0.18000000000000002,0.22830665543386688,0.5206402695871946
4,0.19,0.2358887952822241,0.5324347093513058
4,0.2,0.2485256950294861,0.5391743892165122
4,0.22,0.2687447346251053,0.5585509688289806
4,0.26105263157894737,0.3209772535804549,0.5930918281381634
4,0.30210526315789477,0.36225779275484415,0.6251053074978938
4,0.3431578947368421,0.3976411120471778,0.649536647009267
4,0.38421052631578945,0.42881213142375735,0.6731255265374895
4,0.42526315789473684,0.45745577085088457,0.6967144060657119
4,0.46631578947368424,0.5029486099410277,0.7346251053074979
4,0.5073684210526316,0.5467565290648694,0.7700084245998315
4,0.5484210526315789,0.5846672283066554,0.793597304128054
4,0.5894736842105263,0.6133108677337826,0.8264532434709352
4,0.6305263157894737,0.6512215669755687,0.8517270429654591
4,0.671578947368421,0.6891322662173547,0.8803706823925863
4,0.7126315789473684,0.7253580454928391,0.9073294018534119
4,0.7536842105263157,0.7641112047177759,0.9300758213984835
4,0.7947368421052632,0.81044650379107,0.9511373209772536
4,0.8357894736842105,0.8458298230834035,0.962089300758214
4,0.8768421052631579,0.8896377422072451,0.9772535804549284
4,0.9178947368421052,0.9241786015164279,0.9932603201347936
4,0.9589473684210525,0.9612468407750632,1.0
4,1.0,1.0,1.0
5,0.01,0.02358887952822241,0.08508845829823083
5,0.02,0.03201347935973041,0.15080033698399326
5,0.03,0.041280539174389216,0.2005054759898905
5,0.04,0.04717775905644482,0.2392586352148273
5,0.05,0.05307497893850042,0.2830665543386689
5,0.060000000000000005,0.061499578770008424,0.3159224936815501
5,0.06999999999999999,0.07329401853411963,0.33951137320977254
5,0.08,0.08424599831508003,0.36057287278854255
5,0.09,0.09435551811288964,0.38163437236731257
5,0.09999999999999999,0.10614995787700084,0.4001684919966302
5,0.11,0.11120471777590564,0.42965459140690815
5,0.12,0.12468407750631845,0.44987363100252736
5,0.13,0.13310867733782644,0.46166807076663857
5,0.14,0.14406065711878685,0.4776748104465038
5,0.15000000000000002,0.15417017691659646,0.4886267902274642
5,0.16,0.16090985678180286,0.5071609098567817
5,0.17,0.16849199663016007,0.5223251895534962
5,0.18000000000000002,0.17607413647851727,0.5383319292333614
5,0.19,0.18702611625947768,0.5534962089300758
5,0.2,0.1946082561078349,0.565290648694187
5,0.22,0.21314237573715247,0.5922493681550126
5,0.26105263157894737,0.2603201347935973,0.6486941870261163
5,0.30210526315789477,0.2965459140690817,0.6832350463352991
5,0.3431578947368421,0.34203875315922494,0.7160909856781803
5,0.38421052631578945,0.37826453243470937,0.7548441449031171
5,0.42526315789473684,0.42122999157540014,0.7843302443133952
5,0.46631578947368424,0.4700926705981466,0.8003369839932604
5,0.5073684210526316,0.5037910699241785,0.8256107834877844
5,0.5484210526315789,0.544229149115417,0.8508845829823083
5,0.5894736842105263,0.5838247683235046,0.8744734625105307
5,0.6305263157894737,0.6192080876158382,0.8904802021903959
5,0.671578947368421,0.6562763268744735,0.9098567818028643
5,0.7126315789473684,0.7110362257792755,0.9317607413647851
5,0.7536842105263157,0.7464195450716091,0.945240101095198
5,0.7947368421052632,0.7826453243470936,0.95787700084246
5,0.8357894736842105,0.8323504633529908,0.9646166807076664
5,0.8768421052631579,0.8635214827295703,0.9772535804549284
5,0.9178947368421052,0.9140690817186183,0.9865206402695872
5,0.9589473684210525,0.9637742207245156,0.9949452401010952
5,1.0,1.0,1.0
6,0.01,0.020219039595619208,0.08171861836562763
6,0.02,0.031171019376579612,0.15332771693344566
6,0.03,0.04296545914069082,0.21061499578770007
6,0.04,0.05728727885425442,0.2679022746419545
6,0.05,0.07329401853411963,0.3100252737994945
6,0.060000000000000005,0.08340353833192923,0.34288121314237574
6,0.06999999999999999,0.09519797809604044,0.36983993260320136
6,0.08,0.10867733782645324,0.396798652064027
6,0.09,0.11541701769165964,0.42291491154170174
6,0.09999999999999999,0.12299915754001685,0.43976411120471776
6,0.11,0.13647851727042964,0.45914069081718617
6,0.12,0.14743049705139005,0.4675652906486942
6,0.13,0.15585509688289806,0.4877843302443134
6,0.14,0.16680707666385847,0.4962089300758214
6,0.15000000000000002,0.18028643639427128,0.5071609098567817
6,0.16,0.19208087615838249,0.5155855096882898
6,0.17,0.1971356360572873,0.5223251895534962
6,0.18000000000000002,0.2080876158382477,0.5299073294018534
6,0.19,0.21566975568660487,0.5425442291491154
6,0.2,0.22325189553496208,0.5518112889637742
6,0.22,0.2426284751474305,0.5560235888795282
6,0.26105263157894737,0.2847514743049705,0.577927548441449
6,0.30210526315789477,0.32855939342881213,0.5812973883740522
6,0.3431578947368421,0.37489469250210616,0.6545914069081719
6,0.38421052631578945,0.4102780117944398,0.6992417860151643
6,0.42526315789473684,0.44903117101937656,0.7363100252737995
6,0.46631578947368424,0.4911541701769166,0.7792754844144903
6,0.5073684210526316,0.527379949452401,0.81044650379107
6,0.5484210526315789,0.5661331086773378,0.8306655433866892
6,0.5894736842105263,0.6023588879528222,0.8491996630160067
6,0.6305263157894737,0.632687447346251,0.8744734625105307
6,0.671578947368421,0.6663858466722831,0.8828980623420387
6,0.7126315789473684,0.7017691659646167,0.9056444818871103
6,0.7536842105263157,0.7379949452401011,0.9258635214827295
6,0.7947368421052632,0.7750631844987363,0.9418702611625948
6,0.8357894736842105,0.823083403538332,0.9612468407750632
6,0.8768421052631579,0.8584667228306655,0.9688289806234204
6,0.9178947368421052,0.9064869418702611,0.983150800336984
6,0.9589473684210525,0.9460825610783488,0.9924178601516428
6,1.0,1.0,1.0
7,0.01,0.012636899747262006,0.08593091828138164
7,0.02,0.017691659646166806,0.14911541701769165
7,0.03,0.02190395956192081,0.2064026958719461
7,0.04,0.02695871946082561,0.2636899747262005
7,0.05,0.02864363942712721,0.3083403538331929
7,0.060000000000000005,0.03622577927548441,0.32855939342881213
7,0.06999999999999999,0.04465037910699242,0.35551811288963775
7,0.08,0.04970513900589722,0.3934288121314238
7,0.09,0.05560235888795282,0.4144903117101938
7,0.09999999999999999,0.060657118786857624,0.42881213142375735
7,0.11,0.06402695871946082,0.44903117101937656
7,0.12,0.07076663858466722,0.4667228306655434
7,0.13,0.07919123841617523,0.4903117101937658
7,0.14,0.08256107834877843,0.5113732097725358
7,0.15000000000000002,0.08761583824768324,0.531592249368155
7,0.16,0.09098567818028644,0.548441449031171
7,0.17,0.09604043807919124,0.556866048862679
7,0.18000000000000002,0.10278011794439765,0.565290648694187
7,0.19,0.11036225779275484,0.5762426284751474
7,0.2,0.11625947767481044,0.5897219882055602
7,0.22,0.13226621735467564,0.6192080876158382
7,0.26105263157894737,0.16764953664700927,0.6554338668913227
7,0.30210526315789477,0.2047177759056445,0.6967144060657119
7,0.3431578947368421,0.2333614153327717,0.7270429654591407
7,0.38421052631578945,0.2721145745577085,0.7506318449873631
7,0.42526315789473684,0.3066554338668913,0.7615838247683235
7,0.46631578947368424,0.35130581297388375,0.7674810446503791
7,0.5073684210526316,0.37994945240101097,0.785172704296546
7,0.5484210526315789,0.42459983150800334,0.8096040438079192
7,0.5894736842105263,0.45408593091828137,0.8491996630160067
7,0.6305263157894737,0.4919966301600674,0.8753159224936815
7,0.671578947368421,0.5374894692502106,0.8930075821398483
7,0.7126315789473684,0.5871946082561078,0.9241786015164279
7,0.7536842105263157,0.6225779275484414,0.941027801179444
7,0.7947368421052632,0.6722830665543387,0.9561920808761584
7,0.8357894736842105,0.7262005054759899,0.966301600673968
7,0.8768421052631579,0.7834877843302444,0.983150800336984
7,0.9178947368421052,0.8517270429654591,0.991575400168492
7,0.9589473684210525,0.9081718618365627,0.995787700084246
7,1.0,1.0,1.0
8,0.01,0.02190395956192081,0.08930075821398484
8,0.02,0.03454085930918281,0.15754001684919966
8,0.03,0.04970513900589722,0.22409435551811288
8,0.04,0.06655433866891322,0.2796967144060657
8,0.05,0.07666385846672283,0.3243470935130581
8,0.060000000000000005,0.09267059814658804,0.36310025273799496
8,0.06999999999999999,0.10278011794439765,0.3976411120471778
8,0.08,0.11878685762426285,0.43639427127211455
8,0.09,0.13395113732097724,0.4751474304970514
8,0.09999999999999999,0.14658803706823925,0.5004212299915753
8,0.11,0.15669755686604886,0.5181128896377422
8,0.12,0.17438921651221567,0.5366470092670598
8,0.13,0.18618365627632688,0.5534962089300758
8,0.14,0.1954507160909857,0.5745577085088458
8,0.15000000000000002,0.2047177759056445,0.586352148272957
8,0.16,0.21314237573715247,0.6107834877843302
8,0.17,0.22577927548441448,0.6225779275484414
8,0.18000000000000002,0.2333614153327717,0.628475147430497
8,0.19,0.2434709351305813,0.6343723673125526
8,0.2,0.2527379949452401,0.6436394271272114
8,0.22,0.2737994945240101,0.6571187868576243
8,0.26105263157894737,0.3024431339511373,0.6975568660488627
8,0.30210526315789477,0.34625105307497894,0.7152485256950295
8,0.3431578947368421,0.38163437236731257,0.7253580454928391
8,0.38421052631578945,0.41954507160909854,0.7514743049705139
8,0.42526315789473684,0.45914069081718617,0.7910699241786016
8,0.46631578947368424,0.4962089300758214,0.8306655433866892
8,0.5073684210526316,0.5248525695029486,0.8550968828980623
8,0.5484210526315789,0.552653748946925,0.8803706823925863
8,0.5894736842105263,0.594776748104465,0.8963774220724515
8,0.6305263157894737,0.6310025273799494,0.9090143218197135
8,0.671578947368421,0.6630160067396799,0.9199663016006739
8,0.7126315789473684,0.7068239258635215,0.9300758213984835
8,0.7536842105263157,0.7337826453243471,0.9469250210614996
8,0.7947368421052632,0.7691659646166807,0.9587194608256108
8,0.8357894736842105,0.8053917438921652,0.9654591406908172
8,0.8768421052631579,0.8517270429654591,0.97893850042123
8,0.9178947368421052,0.8955349620893007,0.9890480202190396
8,0.9589473684210525,0.941027801179444,0.995787700084246
8,1.0,1.0,1.0
9,0.01,0.014321819713563605,0.08508845829823083
9,0.02,0.02443133951137321,0.14995787700084245
9,0.03,0.02864363942712721,0.19123841617523168
9,0.04,0.03622577927548441,0.2325189553496209
9,0.05,0.04549283909014322,0.2679022746419545
9,0.060000000000000005,0.05307497893850042,0.2889637742207245
9,0.06999999999999999,0.061499578770008424,0.3066554338668913
9,0.08,0.06823925863521482,0.3201347935973041
9,0.09,0.07666385846672283,0.34035383319292334
9,0.09999999999999999,0.08424599831508003,0.35383319292333615
9,0.11,0.09182813816343724,0.36394271272114576
9,0.12,0.09856781802864364,0.38079191238416177
9,0.13,0.10446503791069923,0.4060657118786858
9,0.14,0.11204717775905644,0.42291491154170174
9,0.15000000000000002,0.11794439764111204,0.43470935130581295
9,0.16,0.12973883740522324,0.45408593091828137
9,0.17,0.13479359730412804,0.468407750631845
9,0.18000000000000002,0.14069081718618365,0.4785172704296546
9,0.19,0.14743049705139005,0.4945240101095198
9,0.2,0.15417017691659646,0.5096882898062342
9,0.22,0.17523167649536647,0.5265374894692502
9,0.26105263157894737,0.2038753159224937,0.5585509688289806
9,0.30210526315789477,0.2325189553496209,0.6040438079191238
9,0.3431578947368421,0.2687447346251053,0.6234203875315922
9,0.38421052631578945,0.3058129738837405,0.6571187868576243
9,0.42526315789473684,0.34877843302443134,0.6832350463352991
9,0.46631578947368424,0.3892165122156698,0.7253580454928391
9,0.5073684210526316,0.42122999157540014,0.7674810446503791
9,0.5484210526315789,0.46166807076663857,0.7986520640269588
9,0.5894736842105263,0.4987363100252738,0.8180286436394272
9,0.6305263157894737,0.531592249368155,0.8525695029486099
9,0.671578947368421,0.5754001684919966,0.8711036225779275
9,0.7126315789473684,0.6141533277169334,0.8904802021903959
9,0.7536842105263157,0.6588037068239259,0.9106992417860151
9,0.7947368421052632,0.7042965459140691,0.9267059814658803
9,0.8357894736842105,0.7598989048020219,0.9469250210614996
9,0.8768421052631579,0.8163437236731256,0.95787700084246
9,0.9178947368421052,0.8601516427969671,0.974726200505476
9,0.9589473684210525,0.9174389216512215,0.9898904802021904
9,1.0,1.0,1.0
