run,statepoint,strategy,k,draw,seed,completed,error,t_end,econs_drift,econs_maxdev,T_mean,T_rel,pe_change,rmin,frac_inner,molecular,centre_nn,centre_cn,event
base__s10__300K_1.0gcc,300K_1.0gcc,base,0,0,10,True,,10.0,-0.000274774202217415,0.021546537187532522,300.66640107784434,1.002221336926148,-604.6531016715113,1.059266887367389,0.0,1.0,2.768265642593649,5.80125,False
base__s11__300K_1.0gcc,300K_1.0gcc,base,0,0,11,True,,10.0,0.0009635937226346297,0.016871345155777817,302.0084551497006,1.0066948504990019,-621.3107608696249,1.0598970237909906,0.0,1.0,2.8187072064555094,6.48875,False
base__s12__300K_1.0gcc,300K_1.0gcc,base,0,0,12,True,,10.0,-0.00024114052921771833,0.021275511562635074,300.6484733732535,1.002161577910845,-611.7108708850926,1.0614083150296123,0.0,1.0,2.8169491439045915,6.495,False
base__s13__300K_1.0gcc,300K_1.0gcc,base,0,0,13,True,,10.0,-0.001012951686998335,0.020462434687487985,303.2330041317365,1.0107766804391216,-623.2774975319905,1.0617206993936779,0.0,1.0,2.8247284770073917,6.65,False
base__s14__300K_1.0gcc,300K_1.0gcc,base,0,0,14,True,,10.0,7.805109003758748e-05,0.019852627031468728,297.0085551297405,0.990028517099135,-609.465703816608,1.0595083040061553,0.0,1.0,2.783776690504895,6.50125,False
base__s15__300K_1.0gcc,300K_1.0gcc,base,0,0,15,True,,10.0,-8.977007427609247e-05,0.0254764087503645,301.81545666666665,1.0060515222222222,-599.4808663302003,1.0638264957017196,0.0,1.0,2.772423878456223,6.0125,False
base__s16__300K_1.0gcc,300K_1.0gcc,base,0,0,16,True,,10.0,-0.0006334252630050093,0.021546537187532522,307.5498923153693,1.0251663077178976,-596.6839316454815,1.0543565329247027,0.0,1.0,2.7827050070070833,5.9975,False
base__s17__300K_1.0gcc,300K_1.0gcc,base,0,0,17,True,,10.0,-0.0007338570804173829,0.016329293906892417,295.573159481038,0.9852438649367933,-534.603224865899,1.061443462254114,0.0,1.0,2.8575340743853026,5.80625,False
base__s18__300K_1.0gcc,300K_1.0gcc,base,0,0,18,True,,10.0,0.0007180543992772099,0.01585499906241239,304.7136238323353,1.0157120794411176,-621.9757190692452,1.0572685860863367,0.0,1.0,2.815639717321147,6.24625,False
base__s19__300K_1.0gcc,300K_1.0gcc,base,0,0,19,True,,10.0,-0.0008588192080881184,0.022901665312474506,300.99465319361275,1.0033155106453757,-587.4838426356011,1.0611066623125123,0.0,1.0,2.7624874881827086,6.11,False
base__s1__300K_1.0gcc,300K_1.0gcc,base,0,0,1,True,,10.0,-4.0300889601066366e-05,0.027305831719331763,299.76617125748504,0.9992205708582834,-596.1670782162362,1.0599085096983614,0.0,1.0,2.7800287251249705,6.17,False
base__s20__300K_1.0gcc,300K_1.0gcc,base,0,0,20,True,,10.0,0.0010951985049607543,0.01951384499989217,299.5519129740519,0.998506376580173,-606.9073909721965,1.0621036498548526,0.0,1.0,2.7731605557525745,5.9475,False
base__s2__300K_1.0gcc,300K_1.0gcc,base,0,0,2,True,,10.0,0.0009306704166884433,0.017345639999803097,301.8246038922155,1.0060820129740518,-538.7443166876108,1.0605796921014472,0.0,1.0,2.820233588162623,5.01375,False
base__s3__300K_1.0gcc,300K_1.0gcc,base,0,0,3,True,,10.0,0.00036143805303503714,0.016126024687309837,298.3464564071856,0.994488188023952,-588.6878819029575,1.0605136203571361,0.0,1.0,2.773125118273195,5.7375,False
base__s4__300K_1.0gcc,300K_1.0gcc,base,0,0,4,True,,10.0,0.0011730145892347847,0.018497498906071996,297.5668328742514,0.9918894429141714,-546.8492142608875,1.0577365379214236,0.0,1.0,2.8536231882628766,5.8025,False
base__s5__300K_1.0gcc,300K_1.0gcc,base,0,0,5,True,,10.0,-0.0007705970572805416,0.022224101250230888,296.7414387225549,0.9891381290751831,-620.8924389771105,1.059092593203257,0.0,1.0,2.7581909166709138,5.75625,False
base__s6__300K_1.0gcc,300K_1.0gcc,base,0,0,6,True,,10.0,-0.000436426613714405,0.023714742187621596,308.27223041916164,1.0275741013972055,-540.2974371429253,1.056096759232789,0.0,1.0,2.8345947861127967,5.95,False
base__s7__300K_1.0gcc,300K_1.0gcc,base,0,0,7,True,,10.0,0.0002120468645285572,0.020123652656366176,304.41108407185635,1.0147036135728544,-613.2525940542192,1.0579832697623346,0.0,1.0,2.785656907410273,6.13125,False
base__s8__300K_1.0gcc,300K_1.0gcc,base,0,0,8,True,,10.0,0.0007402197386367514,0.019039550156776386,297.75840872255486,0.9925280290751829,-605.2113434093133,1.0610640823333903,0.0,1.0,2.778308933781331,6.2675,False
base__s9__300K_1.0gcc,300K_1.0gcc,base,0,0,9,True,,10.0,-0.00015638063621356996,0.023240447344051063,299.1689266267465,0.9972297554224884,-591.1950155466284,1.058957321875155,0.0,1.0,2.760380391843861,5.7425,False
base__s10__5000K_2.0gcc,5000K_2.0gcc,base,0,0,10,True,,10.0,1354.5817949441523,9175.299543814219,5823.993955289421,1.1647987910578843,110.31581281232863,0.47761261858330334,0.027944111776447105,0.9068725099601593,2.537736300382363,5.909137096774192,True
base__s11__5000K_2.0gcc,5000K_2.0gcc,base,0,0,11,True,,10.0,573.348699143247,7790.108036873907,5207.750556886228,1.0415501113772456,117.71994484636794,0.4999584485644791,0.011976047904191617,0.9133466135458167,2.5490400378696707,5.574367816091954,True
base__s12__5000K_2.0gcc,5000K_2.0gcc,base,0,0,12,True,,10.0,119.1305905888305,1124.3745364007814,5038.91721497006,1.007783442994012,47.5913588205845,0.9529288030393455,0.0,0.9155876494023905,2.54964798798519,5.470200328407227,True
base__s13__5000K_2.0gcc,5000K_2.0gcc,base,0,0,13,True,,10.0,-0.030831043266140674,0.4837807406252068,5152.4477053892215,1.0304895410778443,27.133838759546244,0.9441954599366594,0.0,0.9122260956175299,2.5651603166485724,5.621755813337571,False
base__s14__5000K_2.0gcc,5000K_2.0gcc,base,0,0,14,True,,10.0,0.06483393898010108,0.650868038437693,4904.109238123751,0.9808218476247502,92.41465608959732,0.9582234162840106,0.0,0.9295318725099602,2.550077248831507,5.713744160177976,False
base__s15__5000K_2.0gcc,5000K_2.0gcc,base,0,0,15,True,,10.0,0.003924806095568434,0.38431433624964484,4922.232400399202,0.9844464800798404,0.028630039504298342,0.9108098703823984,0.0,0.9284113545816733,2.5297940488292583,6.098352150537635,False
base__s16__5000K_2.0gcc,5000K_2.0gcc,base,0,0,16,True,,10.0,0.08688754734744043,1.0098414787503316,5104.817997804391,1.0209635995608781,99.1500195257207,0.9577170059438227,0.0,0.905253984063745,2.559677430263834,5.367894909688015,False
base__s17__5000K_2.0gcc,5000K_2.0gcc,base,0,0,17,True,,10.0,-0.04557650200370999,0.6207164376564833,4971.335528542914,0.9942671057085829,-3.073711310037043,0.944162923226177,0.0,0.9215637450199203,2.5455067180243303,5.81970189098999,False
base__s18__5000K_2.0gcc,5000K_2.0gcc,base,0,0,18,True,,10.0,229.84234243557628,1756.642763758594,5155.814367664671,1.0311628735329343,-8.544640248065274,0.4273609350853208,0.003992015968063872,0.9270418326693227,2.5522786323695086,5.982924731182795,True
base__s19__5000K_2.0gcc,5000K_2.0gcc,base,0,0,19,True,,10.0,-0.03990857362222693,0.5549927235938412,5087.501027744511,1.0175002055489022,87.60336211273801,0.9529106031134296,0.0,0.9089890438247012,2.562744742142687,5.654068965517239,False
base__s1__5000K_2.0gcc,5000K_2.0gcc,base,0,0,1,True,,10.0,0.03660126543157508,0.8225627718748001,5017.59484770459,1.0035189695409181,28.332041888921342,0.9430331039406834,0.0,0.928660358565737,2.5320157957403358,5.8369314052651085,False
base__s20__5000K_2.0gcc,5000K_2.0gcc,base,0,0,20,True,,10.0,289.86624704517806,1989.5709942164062,4978.743618163672,0.9957487236327345,-27.84692108392724,0.8244758370504258,0.003992015968063872,0.9132221115537849,2.53997763765663,6.034494623655914,True
base__s21__5000K_2.0gcc,5000K_2.0gcc,base,0,0,21,True,,10.0,0.022272502168524676,0.4970609962497292,5067.281583832335,1.013456316766467,58.42833197529417,0.9484725680403208,0.0,0.9327689243027888,2.5177914182362726,5.9087311827957,False
base__s22__5000K_2.0gcc,5000K_2.0gcc,base,0,0,22,True,,10.0,-0.023134817357070882,0.5200981743751072,4973.817590618763,0.9947635181237525,12.134533156048557,0.9467622438537556,0.0,0.9068725099601593,2.547543816885973,5.754358731924359,False
base__s23__5000K_2.0gcc,5000K_2.0gcc,base,0,0,23,True,,10.0,0.05208867309112043,0.9802319292189168,5067.6197401197605,1.0135239480239522,37.236164756628256,0.9430930732467497,0.0,0.9331424302788844,2.5409338199830422,5.866565813867261,False
base__s24__5000K_2.0gcc,5000K_2.0gcc,base,0,0,24,True,,10.0,172.92560541428674,1161.927169436719,5077.2516459081835,1.0154503291816368,124.65873594511666,0.6404912480690123,0.003992015968063872,0.9091135458167331,2.5436710847498305,5.5481951374543135,True
base__s25__5000K_2.0gcc,5000K_2.0gcc,base,0,0,25,True,,10.0,-0.02402153971888487,0.6690945117188676,5079.4118243512985,1.0158823648702597,35.135798800079215,0.9327771226295165,0.0,0.8975348605577689,2.5527560074310527,5.600315694687218,False
base__s26__5000K_2.0gcc,5000K_2.0gcc,base,0,0,26,True,,10.0,0.03059036148010064,0.49868714999956865,4988.768680638722,0.9977537361277444,19.170639652468896,0.9513389241495381,0.0,0.9528137450199203,2.531893940314639,5.932129032258064,False
base__s27__5000K_2.0gcc,5000K_2.0gcc,base,0,0,27,True,,10.0,72.12017191009906,701.2816504565626,4931.778945109781,0.9863557890219561,52.03783022894955,0.8061241669879399,0.001996007984031936,0.9183266932270916,2.530721208153574,5.7478220244716365,True
base__s28__5000K_2.0gcc,5000K_2.0gcc,base,0,0,28,True,,10.0,643.257640822384,8526.674242423593,5285.573221756487,1.0571146443512975,51.412928079835,0.5036440631021075,0.02594810379241517,0.9063745019920318,2.5471326677222965,5.587021299386149,True
base__s29__5000K_2.0gcc,5000K_2.0gcc,base,0,0,29,True,,10.0,19.9884998906582,1014.1896106082813,5077.145242115768,1.0154290484231536,-0.9089557270817546,0.730096104639657,0.001996007984031936,0.9368774900398407,2.5276363224145557,5.950978494623656,True
base__s2__5000K_2.0gcc,5000K_2.0gcc,base,0,0,2,True,,10.0,39.464750863421116,823.7557589198441,5071.323080838323,1.0142646161676647,26.37558523339037,0.8244658321931841,0.001996007984031936,0.9145916334661355,2.53761196909393,5.600752805880724,True
base__s30__5000K_2.0gcc,5000K_2.0gcc,base,0,0,30,True,,10.0,0.017040821248768153,0.4427203584377821,4976.403998203592,0.9952807996407184,79.4098562973946,0.9552453740411417,0.0,0.9071215139442231,2.5574531806599454,5.655479209703902,False
base__s31__5000K_2.0gcc,5000K_2.0gcc,base,0,0,31,True,,10.0,0.07347653665664541,0.9914117362500292,5020.633446906188,1.0041266893812375,-39.4285042104155,0.972427713422957,0.0,0.9147161354581673,2.5657669063674033,6.026967741935483,False
base__s32__5000K_2.0gcc,5000K_2.0gcc,base,0,0,32,True,,10.0,0.00420850799308718,0.6378588084376133,4944.9866910179635,0.9889973382035927,-8.028733273966102,0.9342175031757861,0.0,0.93949203187251,2.5175683396900395,6.008107526881721,False
base__s33__5000K_2.0gcc,5000K_2.0gcc,base,0,0,33,True,,10.0,-0.008890426661698543,0.4125010012498933,5002.871551297404,1.0005743102594808,-4.183512942814179,0.9529375349984908,0.0,0.9292828685258964,2.5407920624397202,5.968406377456432,False
base__s34__5000K_2.0gcc,5000K_2.0gcc,base,0,0,34,True,,10.0,1.528309896876054,203.9357385182816,4824.9595407185625,0.9649919081437125,67.79327677362323,0.9164870376982975,0.0,0.9119770916334662,2.5529311274675273,5.583944170771756,True
base__s35__5000K_2.0gcc,5000K_2.0gcc,base,0,0,35,True,,10.0,60.97776291960532,415.90189854890605,5020.484129740518,1.0040968259481036,111.6979366508419,0.9129926414265339,0.0,0.8990288844621513,2.5447977430835764,5.8622454579162016,True
base__s36__5000K_2.0gcc,5000K_2.0gcc,base,0,0,36,True,,10.0,0.001520944244191038,0.3877021565622272,4941.501960479042,0.9883003920958084,32.41513623944805,0.9415291914088483,0.0,0.9213147410358565,2.5590294312875512,5.886036336670376,False
base__s37__5000K_2.0gcc,5000K_2.0gcc,base,0,0,37,True,,10.0,191.22530531450465,1435.396632497344,5129.626707385229,1.0259253414770457,100.93073673798641,0.4215727950710296,0.001996007984031936,0.8840886454183267,2.5650555551608427,5.678446316012501,True
base__s38__5000K_2.0gcc,5000K_2.0gcc,base,0,0,38,True,,10.0,0.026645883827105185,0.538934455312301,5018.829747504989,1.0037659495009978,56.301034158479155,0.9523242654400866,0.0,0.9201942231075697,2.53721545527726,5.6389586577678905,False
base__s39__5000K_2.0gcc,5000K_2.0gcc,base,0,0,39,True,,10.0,-0.09470622166029563,0.9559073793748212,4971.695392814372,0.9943390785628744,16.27453465460052,0.942727601688844,0.0,0.9125996015936255,2.5639587253831513,5.594954181895227,False
base__s3__5000K_2.0gcc,5000K_2.0gcc,base,0,0,3,True,,10.0,0.028236932262914648,0.7141525218748939,4992.668804990019,0.9985337609980038,29.754584161888236,0.9536452374562561,0.0,0.9462151394422311,2.5372231215443204,6.121132461994808,False
base__s40__5000K_2.0gcc,5000K_2.0gcc,base,0,0,40,True,,10.0,0.014784014797726841,0.6160412456247286,4943.769250499003,0.9887538500998005,-29.047201852807362,0.950738169449928,0.0,0.9336404382470119,2.536694950217489,5.895612903225808,False
base__s4__5000K_2.0gcc,5000K_2.0gcc,base,0,0,4,True,,10.0,-0.019240146116602422,0.38438209265632395,4968.434625349301,0.9936869250698602,65.8565468682354,0.9380163627554695,0.0,0.9081175298804781,2.542130316691582,5.7671219873934,False
base__s5__5000K_2.0gcc,5000K_2.0gcc,base,0,0,5,True,,10.0,-0.02790298969162539,0.4406199098439174,5109.022302994012,1.0218044605988024,81.18943092075921,0.946467106694152,0.0,0.8986553784860558,2.537737278987821,5.418778325123152,False
base__s6__5000K_2.0gcc,5000K_2.0gcc,base,0,0,6,True,,10.0,-0.014170708648831135,0.5249766356250802,4906.62638003992,0.981325276007984,20.885822758832134,0.9404855207763704,0.0,0.9200697211155379,2.548978612676944,5.70266370040786,False
base__s7__5000K_2.0gcc,5000K_2.0gcc,base,0,0,7,True,,10.0,0.02886466899876718,0.6243752835939631,4882.492486826348,0.9764984973652696,9.355745844650402,0.9171766347078402,0.0,0.9023904382470119,2.5677435407878506,5.644153080141956,False
base__s8__5000K_2.0gcc,5000K_2.0gcc,base,0,0,8,True,,10.0,-0.06961928503629826,0.7739814285937427,5026.26478762475,1.00525295752495,107.62691928510722,0.9588407169253925,0.0,0.9076195219123506,2.548113831766685,5.567851922477063,False
base__s9__5000K_2.0gcc,5000K_2.0gcc,base,0,0,9,True,,10.0,-0.03112070169036972,0.7871939278124955,4941.953352894212,0.9883906705788424,29.179934884030832,0.9378696404223776,0.0,0.9280378486055777,2.5344714474038175,5.867655913978496,False
