statepoint,strategy,k,n_runs,n_completed,econs_drift_mean,econs_drift_std,econs_drift_min,econs_drift_max,econs_maxdev_mean,econs_maxdev_std,econs_maxdev_min,econs_maxdev_max,T_rel_mean,T_rel_std,T_rel_min,T_rel_max,pe_change_mean,pe_change_std,pe_change_min,pe_change_max,rmin_mean,rmin_std,rmin_min,rmin_max,frac_inner_mean,frac_inner_std,frac_inner_min,frac_inner_max,molecular_mean,molecular_std,molecular_min,molecular_max,centre_nn_mean,centre_nn_std,centre_nn_min,centre_nn_max,centre_cn_mean,centre_cn_std,centre_cn_min,centre_cn_max,event_mean,event_std,event_min,event_max
5000K_2.0gcc,cluster_roundrobin,2,45,45,106.90112739066507,277.8936559334468,-0.05916356472608175,1622.324526546357,974.1428311329271,2256.9979292834396,0.34020491578121437,11857.641103028905,0.9979191137839877,0.020770992272963227,0.9586039179640721,1.0714169480239522,29.005389041792984,50.77054452073791,-60.454286029091804,155.38408388652488,0.8377023115969501,0.18851132180971839,0.3815884949589015,0.9687236083739263,0.003104901308494123,0.007389832602044132,0.0,0.033932135728542916,0.9208111996458611,0.01966592265665482,0.8806025896414342,0.9652639442231076,2.5455507112604505,0.012301407977109886,2.5242057392540063,2.5880666978569944,5.7922814551419,0.2323878169585156,5.012714515880034,6.217379032258065,0.28888888888888886,0.45836776730155243,False,True
5000K_2.0gcc,cluster_roundrobin,5,45,45,10.409641267530112,54.78799896468499,-0.07087616173136814,351.0663176211588,76.36502558551699,404.9588749801455,0.33092228812438407,2616.7192442402943,0.9951977073559547,0.018034522263075337,0.9566526231137724,1.0685069474251496,43.598014837526804,47.46191626290591,-61.177175895069105,126.12875740675362,0.9268924392095954,0.07310478979875636,0.4947507738912597,0.9647937350755341,0.00022177866489243733,0.0012202407912557923,0.0,0.007984031936127744,0.9224836764054891,0.012634734941914324,0.893550796812749,0.9579183266932271,2.545642594387758,0.011414789842593935,2.5225620071132173,2.577133650354638,5.737557781700898,0.1959241940008967,5.347394012159308,6.107016129032258,0.06666666666666667,0.25226248955475644,False,True
5000K_2.0gcc,cluster_roundrobin,10,45,45,18.579899852244157,75.40646712767433,-0.08667390035415154,465.8123969762392,143.6400162090426,537.9945410558489,0.3889217718751752,3161.131701737344,0.9991299298017299,0.017806458974172903,0.9720996715768462,1.0793262233932137,38.743363992354546,44.949561275411554,-39.501089556581185,152.65772063974015,0.9101953196439699,0.12097297228781262,0.44921932172269663,0.9626459272858324,0.0003992015968063872,0.0016260255356356271,0.0,0.00998003992015968,0.9225915781319167,0.014886336089783014,0.8930527888446215,0.9596613545816733,2.5478587390354592,0.01642225749171773,2.5147073072371104,2.5818055778033107,5.765174826300465,0.2165154090220383,5.195281181143249,6.199212365591397,0.08888888888888889,0.28779903201415186,False,True
5000K_2.0gcc,cluster_roundrobin,20,45,45,10.350112619138478,49.96393126547131,-0.09102758054296518,289.52060731809684,92.97616879010414,469.1714184077902,0.3660201065631554,2926.70544489375,0.9976456541006875,0.011160683652082344,0.9696215793213571,1.0234448203992017,42.312847375145516,37.83946184301234,-44.34053336237578,119.82829739871984,0.9389771653481428,0.044314283463658906,0.6769568648835758,0.9682655559163504,0.0001330671989354624,0.000659259739596623,0.0,0.003992015968063872,0.9288014608233731,0.014300485261917231,0.9040089641434262,0.97074203187251,2.5474648431462175,0.012166706925219945,2.52273317673699,2.572837291056527,5.750973307234703,0.1908499442461198,5.2894041233351565,6.161653225806452,0.044444444444444446,0.2084090771399927,False,True
5000K_2.0gcc,cluster_roundrobin,40,45,45,2.0520803321952377,13.809568740524078,-0.07743579712017333,92.63044151518072,23.354886408208383,152.52258441962934,0.2933852390624452,1023.7698921571878,0.9965331553985362,0.013393429646178736,0.9646420553293413,1.0305831584031937,38.20009922301797,49.787492680150564,-45.601682864010925,151.0456946188321,0.9394846486136932,0.023767919912351925,0.8154246055712325,0.9619405923366575,4.435573297848747e-05,0.00029754730239518154,0.0,0.001996007984031936,0.9398572377158034,0.014948169225187912,0.9017679282868526,0.9653884462151394,2.5455097029583955,0.014855515610090422,2.5078697296627728,2.5701087398904816,5.8163210798619716,0.17994277984447576,5.424735632183907,6.09647311827957,0.022222222222222223,0.14907119849998596,False,True
5000K_2.0gcc,gamma_bulk,2,45,45,168.64519540097095,396.9009676701438,-0.1043619997875773,1878.901310767575,1460.6709963115698,3370.957278195478,0.3307867753123901,18465.26569315594,1.0168171906640053,0.054869626366840354,0.9674586936526944,1.2845498071457087,32.42372695351027,40.13664692702138,-22.581466344726728,128.85964905018866,0.8070016985180757,0.20355917795047,0.35656489376549644,0.969428130954533,0.003371035706365048,0.006766413836400359,0.0,0.027944111776447105,0.9141240593182824,0.01564936295953113,0.8835906374501992,0.9373754980079682,2.546675012612521,0.011841094028513728,2.516117936841369,2.5770338647147226,5.7379707719204625,0.16010091666449774,5.220947272395547,5.995351872450872,0.35555555555555557,0.4840903163082632,False,True
5000K_2.0gcc,gamma_bulk,5,45,45,161.78759026138607,220.20377252672031,-0.1003115864545853,896.9796755036235,1661.6721860689968,1988.805413558486,0.3719826703124909,6490.810987354688,1.0166404195537813,0.036669546037217206,0.9667723094610777,1.1078342310978044,22.464195103145258,49.86446967390246,-128.67418177515714,98.51433508195662,0.7116858336863348,0.22410569404059785,0.33613969438464125,0.9615535203424717,0.0059436682191173216,0.008653321821456833,0.0,0.031936127744510975,0.9161852589641435,0.0178088467338973,0.8791085657370518,0.9633964143426295,2.54388896366791,0.01254123756800798,2.514292414137607,2.5753291794281683,5.738119803787674,0.22593082187133967,5.112489601841326,6.154865591397851,0.6444444444444445,0.4840903163082632,False,True
5000K_2.0gcc,gamma_bulk,10,45,45,108.33038145283192,213.27859984769697,-0.12537326383821265,899.5588048249903,1148.2041342793532,1973.7740207610445,0.35768606859380725,7650.62137890375,1.0113063935693059,0.02611479343884348,0.97921302754491,1.0965654098203592,-17.083997640062698,338.85979858547734,-2213.878601196844,129.01097764719663,0.8035994774815906,0.19483233612420964,0.3049939616057993,0.9607034002495258,0.01823020625415835,0.10957288903816577,0.0,0.7365269461077845,0.9186365648517043,0.014704139333513179,0.8842131474103586,0.9655129482071713,2.5455010430316802,0.010832677586327026,2.525094796989699,2.565606389607277,5.716233551146209,0.1856032409679345,5.338899532651258,6.162674731182798,0.35555555555555557,0.4840903163082632,False,True
5000K_2.0gcc,gamma_bulk,20,45,45,122.52110127054083,242.5241150532066,-0.09527220191784626,1064.2730918526652,1097.8259039027855,1901.3333551615353,0.31909879523436757,7305.066146259374,1.0053271673000665,0.020254223543717555,0.9736864867465068,1.0977859311776448,32.190902890446196,41.71714134005466,-55.43242118115203,139.6803071209297,0.797242890647391,0.20192744140918606,0.3340283836008561,0.9659168082531744,0.002483921046795298,0.004873537132747716,0.0,0.01996007984031936,0.9179946879150066,0.012706864351229237,0.8867031872509961,0.9414840637450199,2.545549185164643,0.015910725640238897,2.496562263416786,2.574964035127664,5.717266922159902,0.1627595625566454,5.429133216801737,6.129317204301073,0.4444444444444444,0.502518907629606,False,True
5000K_2.0gcc,gamma_bulk,40,45,45,96.80065907149452,184.65551420715462,-0.0620198425790743,905.0299349188302,900.9572348500927,1567.835914854167,0.44161592901559743,6558.209416183547,1.0077172279494346,0.01819746272820253,0.9730851472654691,1.0741746774850303,41.902351827180816,49.93770910681425,-69.59517435794207,147.40668639097555,0.823926681187949,0.17241658307922883,0.44141954397715577,0.9608312916625895,0.0025282767797737858,0.005856537400116771,0.0,0.023952095808383235,0.9166625166002655,0.015382916072972484,0.8849601593625498,0.9500747011952191,2.5479295815173213,0.013596257543630298,2.522055754006919,2.5813428475791143,5.6631803157379474,0.22831395466577326,5.10400039296591,6.075671274961597,0.4444444444444444,0.502518907629606,False,True
5000K_2.0gcc,gamma_cluster,2,45,45,-0.0006718682375643646,0.04117453958420351,-0.07692641836347437,0.06568818842916044,0.5790086053644801,0.18378810917727803,0.2866773548439596,1.0635723089062594,0.9991184780767355,0.011550650327323017,0.9794635343712574,1.0306825249500997,44.403559668086956,40.35171766260868,-31.833558731831996,112.6260964096517,0.9401253672979245,0.018630997023787222,0.9010334243350795,0.9649674687164327,0.0,0.0,0.0,0.0,0.918810867640549,0.009241065376549862,0.8944223107569721,0.9320219123505976,2.5430454995275213,0.014726214486886097,2.516289654490369,2.579773269458627,5.7331700238490875,0.15943555679668803,5.289191753329686,5.927569892473119,0.0,0.0,False,False
5000K_2.0gcc,gamma_cluster,5,45,45,3.2540089399932417,21.736517918984134,-0.08119623312223247,145.82646168917694,23.059149268999914,150.23426452550055,0.31770978890608603,1008.4645330621875,0.9961206385912618,0.015818732838826448,0.9543043699001997,1.0253720071057884,24.808260982099775,36.51474519704826,-26.200856647400588,124.56746215017202,0.928195856470752,0.06265668794650346,0.5315864512588708,0.9651660684390021,0.00017742293191394987,0.0011901892095807262,0.0,0.007984031936127744,0.9294308875608677,0.014113821659750302,0.9000249003984063,0.9620268924302788,2.5444766709680704,0.013340330630416404,2.5173658313148213,2.577324244872111,5.826008973227161,0.16550234684166693,5.366988505747125,6.089204301075269,0.022222222222222223,0.14907119849998596,False,True
5000K_2.0gcc,gamma_cluster,10,45,45,8.32028045751275,48.19216239427602,-0.07543938730115098,319.9706866739104,67.90935655007284,388.48274419888946,0.26831536875124584,2577.8037233446876,0.9959879498194723,0.011591555419243648,0.9694950908982036,1.027386184471058,25.896056284168132,51.53093151407338,-92.35445955405963,120.3021117879531,0.936643333542555,0.02730648559577202,0.7899704135295196,0.967272145332429,8.871146595697493e-05,0.0005950946047903631,0.0,0.003992015968063872,0.9278303452855245,0.01598920525950207,0.8982818725099602,0.973605577689243,2.544080829971481,0.012955767006848754,2.5175871216621295,2.579364604576038,5.846533219940636,0.2122761172250234,5.438989965334793,6.247575268817204,0.044444444444444446,0.20840907713999274,False,True
5000K_2.0gcc,gamma_cluster,20,45,45,17.101074593988443,81.80677300359645,-0.08184264391850857,479.938186252341,139.06898098174796,609.5382054276755,0.29318196984331735,3637.5249613889064,0.9997900658576181,0.01600661654464019,0.9740640877045907,1.0467092030339322,-23.07114847250067,328.3524838146351,-2158.892436514495,124.2181492121266,0.9130440953662473,0.10317545284780585,0.45617634584226296,0.9616778595070177,0.012730095364825904,0.08388339607783668,0.0,0.562874251497006,0.9313537516600267,0.01706786253824071,0.8809760956175299,0.9592878486055777,2.5448145493358476,0.011687344869297166,2.522376346202933,2.5686568438701682,5.849088798482081,0.1511962975323067,5.555626992955135,6.226293010752688,0.06666666666666667,0.2522624895547565,False,True
5000K_2.0gcc,gamma_cluster,40,45,45,0.011030380134794448,0.04203799518284681,-0.10508999559256003,0.11172971293576968,0.6248551495197817,0.231853639429948,0.3159413467031982,1.136789881499908,0.9939147235537814,0.01639690552688406,0.958784028303393,1.0243038819560877,16.16520392172626,43.420430654685454,-85.84678746551265,111.88036177910841,0.9236215440947574,0.052452071050785205,0.7194986426151192,0.9631177887615824,0.00022177866489243733,0.0007638862239348629,0.0,0.003992015968063872,0.9360709938025675,0.015350278821444747,0.9103585657370518,0.9778386454183267,2.546910969756397,0.0145145201242957,2.518774518899273,2.5799692604556133,5.8717642114270285,0.188837922024676,5.490882038243552,6.282782258064517,0.08888888888888889,0.28779903201415186,False,True
5000K_2.0gcc,random,2,40,40,44.130195165589605,108.7332936292506,-0.08330229582622961,511.67550110916494,559.2056135635215,1399.1683811527762,0.3217074168746876,7979.790605529844,1.003206078968064,0.028806250581782454,0.9705128475049901,1.1432213230738524,34.89990403772451,52.755387814358656,-63.716543292055626,146.71251594684983,0.8589251578674653,0.15905008862071193,0.44184877882483764,0.9588841187072606,0.0011477045908183632,0.0030283612295857187,0.0,0.015968063872255488,0.921023717629482,0.013389656374911374,0.896414342629482,0.959910358565737,2.5471591878809328,0.011408742328901853,2.524960456024415,2.5738830926210836,5.752255246740036,0.2057551794295284,5.370720531065359,6.28133064516129,0.3,0.46409548089225705,False,True
5000K_2.0gcc,random,5,40,40,153.36826300968247,311.7575427135783,-0.08864668640520106,1405.6365758115812,1376.4747502478624,2799.54807517962,0.36927241406237954,13688.995671408282,1.0046382360728543,0.026661545320098245,0.9732463138922156,1.1136401105788423,37.38051219337761,51.39592582449561,-36.77085437575455,183.02414697967149,0.7819448517096805,0.2323616131171096,0.27494959293841537,0.9675575690727659,0.002844311377245509,0.006883093002543471,0.0,0.03792415169660679,0.9163393301792828,0.014726095835472868,0.8860806772908366,0.9518177290836654,2.5489473579270294,0.015123850308046244,2.515823608525119,2.5796810437931104,5.7148396976861875,0.19492879570054444,5.224798534798535,6.111572580645162,0.4,0.49613893835683376,False,True
5000K_2.0gcc,random,10,40,40,68.18136839959399,230.19336535711133,-0.10900457939466468,1383.9650676591943,679.4570812928742,1951.813463595125,0.32638260890621495,10267.52685000047,1.0019949699391217,0.02432272437614101,0.9675482949301398,1.1169707906187623,33.37664013636412,42.5365339427697,-61.957872465316775,168.24152392388794,0.8714434312464384,0.15594119413348925,0.41875467343421985,0.9648690938826882,0.00124750499001996,0.0037461384441262145,0.0,0.017964071856287425,0.9239697460159363,0.013613428623752552,0.8962275896414342,0.9503237051792829,2.544001187238043,0.015638488874715785,2.51630958354835,2.5755516170636836,5.770489521328587,0.1938132168838105,5.158625270514927,6.1655860215053755,0.225,0.4229020617662603,False,True
5000K_2.0gcc,random,20,40,40,72.71000313866435,186.28042816539602,-0.1220727019027639,854.3282894739478,665.8727579538024,1616.349045024601,0.3234690834374305,7737.160199748282,0.9991295269011976,0.018516382622945568,0.9769765726546906,1.072842700998004,35.921541511912594,51.08694423180937,-76.10901587768302,148.98192169567187,0.854532962580859,0.15252810986454768,0.4446201759805782,0.9590276191200127,0.004241516966067864,0.015482057709932093,0.0,0.08183632734530938,0.9214096738047809,0.0124539415816272,0.9013321713147411,0.9490786852589641,2.5516332232549503,0.012893508767050383,2.535734684359559,2.5896168536107003,5.718103418775124,0.1952311398517302,5.1793687283342456,6.202403225806453,0.3,0.46409548089225705,False,True
5000K_2.0gcc,random,40,40,40,124.17834332508642,423.6514978487446,-0.0827095833406061,2525.9433131171463,1014.825433844884,3134.7437204959115,0.35023286390639896,18212.729808953674,1.0060201595978042,0.019344455919333224,0.9755290756886227,1.0897848515768462,-18.69777404655619,361.30707642785654,-2223.965780862225,157.35160837720497,0.8455783328873492,0.1696274958397761,0.3657439074338758,0.9621032104758822,0.023802395209580836,0.13707912943758166,0.0,0.8682634730538922,0.9243759337649402,0.01502699150381857,0.889566733067729,0.9586653386454184,2.5514023072241434,0.014733437907132326,2.524764245744162,2.577285890257045,5.701849525645327,0.2101277825754093,5.264581280788178,6.0921129032258055,0.325,0.47434164902525683,False,True
5000K_2.0gcc,random_5000K,2,50,50,103.35167373137472,278.88694833403144,-0.048830737213523,1597.853887708086,873.7021517611481,2187.2425024043155,0.33397132640629934,12534.891859906405,1.0025174681716567,0.02974359235832175,0.959346364271457,1.1752662728942114,30.425034183509474,41.401266747262184,-52.62325399513707,140.92827851993772,0.8589020052277074,0.17495350815248145,0.3767701320115492,0.9728960299035041,0.002315369261477046,0.007195127264497011,0.0,0.043912175648702596,0.9194795816733068,0.0122431266441224,0.8914342629482072,0.9492031872509961,2.5457722160798624,0.011673196954402438,2.522255827414035,2.5832045681208062,5.764793143964963,0.15113959477793265,5.490701626145453,6.060618464961067,0.26,0.44308749769345207,False,True
5000K_2.0gcc,random_5000K,5,50,50,37.106525982029936,91.63978303149797,-0.06846058665099876,360.5752438677277,356.4264097872074,875.5744422006702,0.3022613282810198,4537.727658083344,1.0034585012143713,0.014991236436631142,0.9756689391616764,1.046384028702595,35.17043779482079,40.03899558404552,-65.91433545940897,135.81937779327134,0.903933588947455,0.11349278541303656,0.3992584558015023,0.9670935077219781,0.0007984031936127744,0.0032511417881355515,0.0,0.021956087824351298,0.9242567231075697,0.01727273161307185,0.8807270916334662,0.9621513944223108,2.5450543467065687,0.011008997904982777,2.516620888747303,2.5697360430346765,5.787053071872922,0.20681305362306202,5.145624885969713,6.2908467741935485,0.2,0.40406101782088427,False,True
5000K_2.0gcc,random_5000K,10,50,50,31.620974945283866,97.462438353995,-45.32557450878911,483.84093067738047,269.1534591219826,734.3815966888168,0.28688062406308745,3716.451715875844,0.997706819611976,0.014588184697821216,0.9715408738922157,1.0366728856287424,-11.06948526630265,301.0666231518154,-2068.093963188504,147.1403693544142,0.8892048475328868,0.1319253076682514,0.48298547213037385,0.9580430556556422,0.0023552894211576847,0.014100594129914233,0.0,0.0998003992015968,0.9248742529880478,0.015744716771126217,0.897410358565737,0.9703685258964143,2.548820449978509,0.013549526747408665,2.5138596168596563,2.5785357723686464,5.798452868884299,0.22285896145266113,5.267980295566503,6.2962096774193546,0.16,0.3703280399090206,False,True
5000K_2.0gcc,random_5000K,20,50,50,9.594603708132084,52.658099414254146,-0.10793230361367873,362.6701494934243,71.79678309058124,375.32376724457737,0.3652070296875536,2573.9394399834378,0.9973609486187623,0.015343070941578583,0.9663085259481039,1.055833509301397,20.763650666774325,40.97226430379233,-89.16409750990437,109.3038130084497,0.9339487826304701,0.04886284479178374,0.6221376842484305,0.9607866629018114,0.00023952095808383236,0.001433681789561053,0.0,0.00998003992015968,0.9334125996015936,0.012633128499150518,0.9099850597609562,0.9631474103585658,2.546126031433255,0.01043881200372647,2.5186498916745,2.566184316961942,5.841206167846696,0.1812133962753058,5.178223681809889,6.152137096774194,0.06,0.23989793748209526,False,True
5000K_2.0gcc,random_5000K,40,50,50,21.92662898159166,98.16570008177546,-0.09666140134940095,596.5904413511298,219.83312928149252,944.6118582496566,0.34237312078039395,5006.143454629687,0.9983131967728542,0.013968434545177813,0.9674390209181638,1.039405784271457,17.692411653220894,42.35297246637622,-76.77562590652435,122.01814968620627,0.9274336787454146,0.09100786463832354,0.3344726100729328,0.9621687131070098,0.00031936127744510974,0.001774319838734422,0.0,0.011976047904191617,0.9415786852589642,0.01642168011920147,0.8833416334661355,0.9752241035856574,2.547990339694466,0.01257795063239852,2.505739147499656,2.5759546269442506,5.873710075745538,0.17331518195304058,5.521425287356322,6.272862903225806,0.1,0.30304576336566325,False,True
