scope,strategy,models,runs,events,rate,lo95,hi95,diff_vs_random_5000K,diff_vs_random_5000K_lo95,diff_vs_random_5000K_hi95,diff_vs_random,diff_vs_random_lo95,diff_vs_random_hi95
all K,gamma_bulk,50,250,112,0.448,0.3876055969177519,0.509968323196209,0.2919999999999999,0.21199999999999997,0.372,0.13999999999999996,0.05599999999999994,0.22799999999999998
all K,random,50,250,77,0.308,0.2540373353038144,0.367774062040041,0.15199999999999997,0.07199999999999998,0.23199999999999998,,,
all K,random_5000K,50,250,39,0.156,0.11626512943648533,0.20614695747125555,,,,-0.15199999999999997,-0.22800000000000006,-0.07199999999999998
all K,gamma_cluster,50,250,12,0.048,0.02766792620603601,0.08201307170762354,-0.10800000000000001,-0.168,-0.052000000000000005,-0.26,-0.324,-0.19599999999999995
all K,cluster_roundrobin,50,250,25,0.1,0.06865445354100544,0.1434526242586933,-0.05600000000000002,-0.12400000000000003,0.011999999999999997,-0.208,-0.27999999999999997,-0.13199999999999995
K <= 10,gamma_bulk,30,150,68,0.4533333333333333,0.37582361795320735,0.5331736883670597,0.2466666666666667,0.1333333333333333,0.35333333333333333,0.12666666666666676,0.013333333333333364,0.2333333333333333
K <= 10,random,30,150,49,0.32666666666666666,0.2567570339087464,0.40523296099510275,0.11999999999999994,0.013333333333333336,0.22666666666666657,,,
K <= 10,random_5000K,30,150,31,0.20666666666666667,0.1495880352139403,0.27839503308488134,,,,-0.11999999999999994,-0.22000000000000008,-0.013333333333333308
K <= 10,gamma_cluster,30,150,3,0.02,0.006824627715648315,0.05714766586424165,-0.18666666666666665,-0.2666666666666667,-0.11333333333333334,-0.3066666666666666,-0.38000000000000006,-0.22666666666666668
K <= 10,cluster_roundrobin,30,150,22,0.14666666666666667,0.09889364963827856,0.21208595535802932,-0.06,-0.15999999999999998,0.03999999999999998,-0.17999999999999994,-0.27999999999999997,-0.07999999999999999
"base, all seeds",base,1,40,13,0.325,0.20084316962661725,0.4798254191110201,,,,,,
