strategy,k,events,runs,models,rate,lo95,hi95
base,0,13,40,1,0.325,0.20084316962661725,0.4798254191110201
cluster_roundrobin,2,13,50,10,0.26,0.15871379651367384,0.3955342198899992
cluster_roundrobin,5,4,50,10,0.08,0.031549003255790686,0.18838502545063704
cluster_roundrobin,10,5,50,10,0.1,0.04347512399157111,0.2136049033478839
cluster_roundrobin,20,2,50,10,0.04,0.011038652660826577,0.13460337877954667
cluster_roundrobin,40,1,50,10,0.02,0.0035391680889764604,0.10495686471836953
gamma_bulk,2,19,50,10,0.38,0.2586259584257722,0.5184980497760643
gamma_bulk,5,30,50,10,0.6,0.4618118910275937,0.7239181021375425
gamma_bulk,10,19,50,10,0.38,0.2586259584257722,0.5184980497760643
gamma_bulk,20,22,50,10,0.44,0.3116198721023534,0.5769421319985648
gamma_bulk,40,22,50,10,0.44,0.3116198721023534,0.5769421319985648
gamma_cluster,2,0,50,10,0.0,0.0,0.07135003417431873
gamma_cluster,5,1,50,10,0.02,0.0035391680889764604,0.10495686471836953
gamma_cluster,10,2,50,10,0.04,0.011038652660826577,0.13460337877954667
gamma_cluster,20,3,50,10,0.06,0.020614596364630478,0.16217343370877002
gamma_cluster,40,6,50,10,0.12,0.05617523710624646,0.23805078886623582
random,2,17,50,10,0.34,0.2243676963506106,0.47846431458517147
random,5,18,50,10,0.36,0.24138562967182875,0.49859237989698046
random,10,14,50,10,0.28,0.17474014357680362,0.4166538714598967
random,20,13,50,10,0.26,0.15871379651367384,0.3955342198899992
random,40,15,50,10,0.3,0.1910338908960936,0.4375061227736339
random_5000K,2,13,50,10,0.26,0.15871379651367384,0.3955342198899992
random_5000K,5,10,50,10,0.2,0.11243629945973886,0.3303737210448524
random_5000K,10,8,50,10,0.16,0.08337321362087696,0.2851448096176598
random_5000K,20,3,50,10,0.06,0.020614596364630478,0.16217343370877002
random_5000K,40,5,50,10,0.1,0.04347512399157111,0.2136049033478839
