strategy,k,draw,rmse_md_2000K_1.0gcc,rmse_md_300K_1.0gcc,rmse_md_5000K_2.0gcc,rmse_dft_holdout,sp_mix
base,0,0,0.6040854370992472,0.43079582497848445,1.2326451849496551,1.1417673443679024,
gamma_bulk,2,0,0.5222287338762525,0.3097604551819449,1.2310701148564756,1.141276418591526,{'2000K_1.0gcc': 2}
gamma_bulk,5,0,0.4835322222051868,0.25781564264597484,1.2274369175456323,1.141308450241036,{'2000K_1.0gcc': 5}
gamma_bulk,10,0,0.46309549952993434,0.2342380756300444,1.225030119672475,1.1413638275388025,"{'2000K_1.0gcc': 9, '300K_1.0gcc': 1}"
gamma_bulk,20,0,0.43689843799794537,0.21841905802259823,1.2181064263640642,1.1418256186437523,"{'2000K_1.0gcc': 19, '300K_1.0gcc': 1}"
gamma_bulk,40,0,0.4054694180781199,0.20734704096879478,1.2078690837275636,1.143531749315052,"{'2000K_1.0gcc': 37, '300K_1.0gcc': 3}"
gamma_cluster,2,0,0.6133847255419801,0.44276958638622926,1.214185439080436,1.1445284560848852,{'5000K_2.0gcc': 2}
gamma_cluster,5,0,0.6169047172292058,0.4522369153748745,1.192876616311159,1.1467777446805554,{'5000K_2.0gcc': 5}
gamma_cluster,10,0,0.6319904574748334,0.4739032531567235,1.1668944890817616,1.1549267098780909,{'5000K_2.0gcc': 10}
gamma_cluster,20,0,0.5144853283317475,0.307959921593794,1.1349832725311109,1.164150040664293,"{'5000K_2.0gcc': 17, '2000K_1.0gcc': 2, '300K_1.0gcc': 1}"
gamma_cluster,40,0,0.4484115981039407,0.2074074807178249,1.1247417540807163,1.1662593106554227,"{'5000K_2.0gcc': 19, '300K_1.0gcc': 14, '2000K_1.0gcc': 7}"
cluster_roundrobin,2,0,0.6058687246490193,0.4391579238232273,1.2176785209140955,1.1435159420325207,{'5000K_2.0gcc': 2}
cluster_roundrobin,5,0,0.6134192838148597,0.4512533913124467,1.1969516987812694,1.1469605743745819,{'5000K_2.0gcc': 5}
cluster_roundrobin,10,0,0.6214196388017682,0.46829860477474405,1.1773819423843281,1.1499598377653013,{'5000K_2.0gcc': 10}
cluster_roundrobin,20,0,0.6249789175449171,0.48884460495580284,1.129335079362407,1.1603743321989495,{'5000K_2.0gcc': 20}
cluster_roundrobin,40,0,0.4727827019488987,0.2930346607599567,1.0798763750987184,1.1742265388315556,"{'5000K_2.0gcc': 36, '2000K_1.0gcc': 2, '300K_1.0gcc': 2}"
gamma_bulk,2,1,0.5277866214419896,0.30896547152424364,1.2341864473719577,1.1411750750116327,{'300K_1.0gcc': 2}
gamma_bulk,5,1,0.49692886439881356,0.26082655795066867,1.2327213676112672,1.1410324799052205,"{'300K_1.0gcc': 4, '2000K_1.0gcc': 1}"
gamma_bulk,10,1,0.4781929136696501,0.23753098953882315,1.2301740265782604,1.140937155626263,"{'300K_1.0gcc': 7, '2000K_1.0gcc': 3}"
gamma_bulk,20,1,0.4605888456804547,0.22281982726473495,1.2261935947750349,1.1408938343255586,"{'300K_1.0gcc': 13, '2000K_1.0gcc': 7}"
gamma_bulk,40,1,0.4417973946894917,0.20983217133692778,1.2208180047114392,1.140976366985526,"{'300K_1.0gcc': 28, '2000K_1.0gcc': 12}"
gamma_cluster,2,1,0.6208652692741815,0.45021631369710063,1.2143679948741573,1.1456341639647656,{'5000K_2.0gcc': 2}
gamma_cluster,5,1,0.6252863482689477,0.46499795247928777,1.1927131366440842,1.150010354979776,{'5000K_2.0gcc': 5}
gamma_cluster,10,1,0.6326821997777161,0.4832682427648357,1.163270903939144,1.155080409598566,{'5000K_2.0gcc': 10}
gamma_cluster,20,1,0.6479662812038353,0.5074949065520333,1.124107317386756,1.1688952095550629,{'5000K_2.0gcc': 20}
gamma_cluster,40,1,0.43996553598218974,0.21376608311957362,1.1042795770125302,1.1718957777394878,"{'5000K_2.0gcc': 25, '2000K_1.0gcc': 14, '300K_1.0gcc': 1}"
cluster_roundrobin,2,1,0.6084763777747512,0.43921713660181577,1.2215752212894757,1.1433021248029636,{'5000K_2.0gcc': 2}
cluster_roundrobin,5,1,0.6268070507942989,0.4645825560617384,1.202097434521989,1.1482536652427204,{'5000K_2.0gcc': 5}
cluster_roundrobin,10,1,0.6201624514844324,0.4607970842354103,1.1821616187987316,1.1515268994441537,{'5000K_2.0gcc': 10}
cluster_roundrobin,20,1,0.6397088033596885,0.5002850768911961,1.1396241501365638,1.158873342307553,{'5000K_2.0gcc': 20}
cluster_roundrobin,40,1,0.5604629369497209,0.4188490776711555,1.0723472974763666,1.177781267070391,"{'5000K_2.0gcc': 39, '2000K_1.0gcc': 1}"
gamma_bulk,2,2,0.5218205203813829,0.3070023955397399,1.232159205371275,1.141168239116775,{'2000K_1.0gcc': 2}
gamma_bulk,5,2,0.48697862003572245,0.2542590343151129,1.2308636367042496,1.140999756251946,{'2000K_1.0gcc': 5}
gamma_bulk,10,2,0.4605167032033976,0.23157546515827598,1.2246945831920557,1.1412803941310123,{'2000K_1.0gcc': 10}
gamma_bulk,20,2,0.4390666972967447,0.21834192230816266,1.2194017484655912,1.1415762818789075,{'2000K_1.0gcc': 20}
gamma_bulk,40,2,0.40845430438035274,0.20907344760732707,1.2093206912326027,1.1431136546121472,{'2000K_1.0gcc': 40}
gamma_cluster,2,2,0.6035332274073753,0.43479960585348115,1.2149849865437916,1.143835331033364,{'5000K_2.0gcc': 2}
gamma_cluster,5,2,0.6186190032068658,0.45329090544855605,1.1921840175399772,1.148544531726496,{'5000K_2.0gcc': 5}
gamma_cluster,10,2,0.6373582637853542,0.4812741532027262,1.1661236889315614,1.1548788962257062,{'5000K_2.0gcc': 10}
gamma_cluster,20,2,0.6322937098506753,0.4841516844381538,1.127714306563406,1.1663502850819905,{'5000K_2.0gcc': 20}
gamma_cluster,40,2,0.43331996828075847,0.20504132245855264,1.1153690380843533,1.1676797930283773,"{'5000K_2.0gcc': 21, '2000K_1.0gcc': 17, '300K_1.0gcc': 2}"
cluster_roundrobin,2,2,0.6180913219751843,0.4528896228759363,1.2215718533498443,1.1435275716981745,{'5000K_2.0gcc': 2}
cluster_roundrobin,5,2,0.6286725666727371,0.46785673651832366,1.2002083919626971,1.1486175395610505,{'5000K_2.0gcc': 5}
cluster_roundrobin,10,2,0.6158629644347585,0.46621054147270485,1.1718692618190056,1.153184487943042,{'5000K_2.0gcc': 10}
cluster_roundrobin,20,2,0.6370857802211778,0.509786886157959,1.126416639451554,1.1626771360130366,{'5000K_2.0gcc': 20}
cluster_roundrobin,40,2,0.4932451404731636,0.3281514433392368,1.0727778346696715,1.175778426792321,"{'5000K_2.0gcc': 37, '2000K_1.0gcc': 3}"
gamma_bulk,2,3,0.5229390239413254,0.3145601812074079,1.2300921832474914,1.1412484011907855,{'2000K_1.0gcc': 2}
gamma_bulk,5,3,0.4837192229878576,0.25841659429085867,1.2280095251271987,1.1411910094027473,{'2000K_1.0gcc': 5}
gamma_bulk,10,3,0.46431820224738957,0.23328338019565426,1.2263473600477437,1.1411035146944242,"{'2000K_1.0gcc': 9, '300K_1.0gcc': 1}"
gamma_bulk,20,3,0.4413295564641121,0.21704715540866473,1.213002145260286,1.1426323820270876,"{'2000K_1.0gcc': 18, '300K_1.0gcc': 1, '5000K_2.0gcc': 1}"
gamma_bulk,40,3,0.4078262616130356,0.204420263471726,1.2021510957396402,1.1444016347839479,"{'2000K_1.0gcc': 37, '300K_1.0gcc': 2, '5000K_2.0gcc': 1}"
gamma_cluster,2,3,0.6180082562151971,0.4461236754157875,1.2143334563277317,1.1459514728130271,{'5000K_2.0gcc': 2}
gamma_cluster,5,3,0.6186190032068356,0.4532909054485272,1.1921840175399656,1.1485445317264908,{'5000K_2.0gcc': 5}
gamma_cluster,10,3,0.6349264735397,0.4788964292113926,1.1654705676942223,1.1550451441736167,{'5000K_2.0gcc': 10}
gamma_cluster,20,3,0.6438254558450519,0.49987730581087164,1.1245062868055498,1.1673926774971075,{'5000K_2.0gcc': 20}
gamma_cluster,40,3,0.43888380643080177,0.20636066837721725,1.1187512483316284,1.1668120106044217,"{'5000K_2.0gcc': 20, '2000K_1.0gcc': 12, '300K_1.0gcc': 8}"
cluster_roundrobin,2,3,0.6249166063399632,0.4662303027191669,1.2196122073377464,1.1431815587007113,{'5000K_2.0gcc': 2}
cluster_roundrobin,5,3,0.6265000353947745,0.46754948819212067,1.1969728071974222,1.1474818044392419,{'5000K_2.0gcc': 5}
cluster_roundrobin,10,3,0.6243777709895567,0.4772425924808635,1.1687821030142491,1.153063423945628,{'5000K_2.0gcc': 10}
cluster_roundrobin,20,3,0.5285462104918666,0.35161876124960195,1.1350489914193513,1.1592692095256272,"{'5000K_2.0gcc': 18, '2000K_1.0gcc': 2}"
cluster_roundrobin,40,3,0.43419372627975233,0.2326373679197236,1.09537175644442,1.169367021233646,"{'5000K_2.0gcc': 30, '2000K_1.0gcc': 8, '300K_1.0gcc': 2}"
gamma_bulk,2,4,0.5222287338762525,0.3097604551819449,1.2310701148564756,1.141276418591526,{'2000K_1.0gcc': 2}
gamma_bulk,5,4,0.4880866041610873,0.2585681821279329,1.2288775532615548,1.141115089279413,"{'2000K_1.0gcc': 4, '300K_1.0gcc': 1}"
gamma_bulk,10,4,0.4671131197641031,0.23486571640677412,1.2253997750106629,1.1411979560407013,"{'2000K_1.0gcc': 7, '300K_1.0gcc': 3}"
gamma_bulk,20,4,0.44322279386534147,0.2193641951562465,1.218653968938458,1.141580881802641,"{'2000K_1.0gcc': 14, '300K_1.0gcc': 6}"
gamma_bulk,40,4,0.4215798200196924,0.20666552884766845,1.2113397526012915,1.1422787734802256,"{'2000K_1.0gcc': 21, '300K_1.0gcc': 19}"
gamma_cluster,2,4,0.6180082562151727,0.44612367541573344,1.2143334563277495,1.1459514728130258,{'5000K_2.0gcc': 2}
gamma_cluster,5,4,0.6157668983243052,0.4487905947388341,1.195298392045856,1.1481956676086373,{'5000K_2.0gcc': 5}
gamma_cluster,10,4,0.6373582637853786,0.48127415320277345,1.1661236889315492,1.1548788962257077,{'5000K_2.0gcc': 10}
gamma_cluster,20,4,0.5139232439150682,0.30840658604086874,1.136533937822907,1.16398764278209,"{'5000K_2.0gcc': 17, '2000K_1.0gcc': 3}"
gamma_cluster,40,4,0.4350392739048978,0.20406246010073462,1.1269709668104113,1.1645506688686889,"{'5000K_2.0gcc': 18, '2000K_1.0gcc': 17, '300K_1.0gcc': 5}"
cluster_roundrobin,2,4,0.6035581561399376,0.4312910929630417,1.220913186667203,1.1428598117187225,{'5000K_2.0gcc': 2}
cluster_roundrobin,5,4,0.6145086974969913,0.4467545721602137,1.1992037973037004,1.147818815357364,{'5000K_2.0gcc': 5}
cluster_roundrobin,10,4,0.6188918316147556,0.46477243835906357,1.1723266240327967,1.1530014034306224,{'5000K_2.0gcc': 10}
cluster_roundrobin,20,4,0.6205887591120185,0.49125948735453645,1.1274853115722299,1.1620306821205821,{'5000K_2.0gcc': 20}
cluster_roundrobin,40,4,0.4883870253346843,0.3280071574623162,1.0762273668946354,1.1747968514537626,"{'5000K_2.0gcc': 37, '2000K_1.0gcc': 3}"
random,2,0,0.5511099099727755,0.35887964556620044,1.2263354307168137,1.1414930317251972,"{'5000K_2.0gcc': 1, '2000K_1.0gcc': 1}"
random,5,0,0.5057750259584889,0.28705397606994515,1.2245245242853149,1.1411727710434245,"{'5000K_2.0gcc': 2, '300K_1.0gcc': 2, '2000K_1.0gcc': 1}"
random,10,0,0.48642560373132765,0.25858295402349013,1.210461623215634,1.141067892353813,"{'5000K_2.0gcc': 5, '300K_1.0gcc': 3, '2000K_1.0gcc': 2}"
random,20,0,0.4529305423139331,0.2267147241390929,1.1801811467041707,1.1429511450101877,"{'5000K_2.0gcc': 10, '300K_1.0gcc': 6, '2000K_1.0gcc': 4}"
random,40,0,0.42083708345945126,0.20382593414018707,1.1402626442648855,1.1486834493385885,"{'5000K_2.0gcc': 19, '2000K_1.0gcc': 12, '300K_1.0gcc': 9}"
random,2,1,0.5286886374907767,0.31121300872879537,1.2338661333877623,1.1411618786666076,{'300K_1.0gcc': 2}
random,5,1,0.5015083303062928,0.2697997009957972,1.2285813615758476,1.1408920981606014,"{'300K_1.0gcc': 4, '5000K_2.0gcc': 1}"
random,10,1,0.4791176446806377,0.24017418891473105,1.2265316119115812,1.1407463400211586,"{'300K_1.0gcc': 7, '2000K_1.0gcc': 2, '5000K_2.0gcc': 1}"
random,20,1,0.46148145890181436,0.22883025648270194,1.1874392245478727,1.1443832447470663,"{'300K_1.0gcc': 9, '5000K_2.0gcc': 7, '2000K_1.0gcc': 4}"
random,40,1,0.42208039953271437,0.20742489569715816,1.164342415210856,1.1472845358755286,"{'300K_1.0gcc': 16, '2000K_1.0gcc': 14, '5000K_2.0gcc': 10}"
random,2,2,0.6064005895629121,0.4394385894957998,1.2243448575453433,1.1419342825165248,{'5000K_2.0gcc': 2}
random,5,2,0.5156282791839525,0.2958384963270872,1.2259391573522218,1.1412073091588688,"{'300K_1.0gcc': 3, '5000K_2.0gcc': 2}"
random,10,2,0.47804586363406015,0.26189482032836575,1.2089706334379164,1.141541312548915,"{'5000K_2.0gcc': 5, '300K_1.0gcc': 3, '2000K_1.0gcc': 2}"
random,20,2,0.44653526301800034,0.22796197629434503,1.1945002760475616,1.1419248782035416,"{'5000K_2.0gcc': 8, '300K_1.0gcc': 6, '2000K_1.0gcc': 6}"
random,40,2,0.40908301158982757,0.20728338213670944,1.1637539208876662,1.1450378315836376,"{'5000K_2.0gcc': 16, '300K_1.0gcc': 13, '2000K_1.0gcc': 11}"
random,2,3,0.5248473828143343,0.3071972198812538,1.2336479107971112,1.1411545286750866,"{'300K_1.0gcc': 1, '2000K_1.0gcc': 1}"
random,5,3,0.5165760444301315,0.2876206190358337,1.2276426195694026,1.1407156148197455,"{'300K_1.0gcc': 2, '5000K_2.0gcc': 2, '2000K_1.0gcc': 1}"
random,10,3,0.48463443937756956,0.24766806296062258,1.221952552216458,1.1404355497263676,"{'2000K_1.0gcc': 4, '300K_1.0gcc': 3, '5000K_2.0gcc': 3}"
random,20,3,0.4678783383296461,0.22879478122490185,1.1979490091543978,1.1425175416219848,"{'300K_1.0gcc': 7, '5000K_2.0gcc': 7, '2000K_1.0gcc': 6}"
random,40,3,0.4398432322550029,0.2100504670590367,1.1686701198188745,1.1447408240511376,"{'300K_1.0gcc': 15, '5000K_2.0gcc': 13, '2000K_1.0gcc': 12}"
random,2,4,0.5263052567455704,0.31119338869369595,1.2328162471977855,1.1412141100993052,"{'300K_1.0gcc': 1, '2000K_1.0gcc': 1}"
random,5,4,0.5010442132586646,0.27378907628061905,1.228657069897811,1.1411774081763817,"{'300K_1.0gcc': 3, '2000K_1.0gcc': 1, '5000K_2.0gcc': 1}"
random,10,4,0.48169654122702754,0.24854909737948117,1.2251432675651501,1.1410036279571445,"{'300K_1.0gcc': 6, '2000K_1.0gcc': 2, '5000K_2.0gcc': 2}"
random,20,4,0.4578791199609857,0.22391137999726762,1.2211283094573404,1.1410047576372515,"{'300K_1.0gcc': 11, '2000K_1.0gcc': 7, '5000K_2.0gcc': 2}"
random,40,4,0.4351095816530346,0.20662600522242847,1.21261898333662,1.1409869212669734,"{'300K_1.0gcc': 22, '2000K_1.0gcc': 14, '5000K_2.0gcc': 4}"
random,2,5,0.5556316961358202,0.3565607314358245,1.229212857566902,1.1414206882361675,"{'300K_1.0gcc': 1, '5000K_2.0gcc': 1}"
random,5,5,0.5144099482698958,0.3009901004782015,1.2221831330975959,1.1414473387053343,"{'300K_1.0gcc': 2, '5000K_2.0gcc': 2, '2000K_1.0gcc': 1}"
random,10,5,0.4831127704909385,0.25695224657541893,1.2145680249571618,1.141404816961851,"{'300K_1.0gcc': 4, '5000K_2.0gcc': 4, '2000K_1.0gcc': 2}"
random,20,5,0.4569270350684148,0.23306028629739894,1.1958269338663972,1.1419463340354807,"{'5000K_2.0gcc': 8, '300K_1.0gcc': 7, '2000K_1.0gcc': 5}"
random,40,5,0.4236542943241558,0.21029798296814567,1.1620555060691657,1.1443819551953875,"{'5000K_2.0gcc': 17, '300K_1.0gcc': 13, '2000K_1.0gcc': 10}"
random,2,6,0.5303806950412958,0.3136322485584773,1.2339980122342342,1.1411903735669375,{'300K_1.0gcc': 2}
random,5,6,0.500927597769026,0.2730738511706469,1.230105851460969,1.1408071168257505,"{'300K_1.0gcc': 3, '5000K_2.0gcc': 1, '2000K_1.0gcc': 1}"
random,10,6,0.47797777486663867,0.2481012399089916,1.2120335071129629,1.141579618576589,"{'300K_1.0gcc': 4, '5000K_2.0gcc': 3, '2000K_1.0gcc': 3}"
random,20,6,0.4429537616010525,0.22582617045673853,1.1928974241688144,1.1428004917223482,"{'300K_1.0gcc': 7, '5000K_2.0gcc': 7, '2000K_1.0gcc': 6}"
random,40,6,0.4199799611160285,0.19973530775563522,1.1529168716543614,1.1494752942417723,"{'300K_1.0gcc': 14, '5000K_2.0gcc': 14, '2000K_1.0gcc': 12}"
random,2,7,0.5464835144552873,0.3511925757084546,1.227066303738394,1.141280064278788,"{'2000K_1.0gcc': 1, '5000K_2.0gcc': 1}"
random,5,7,0.5183373080341446,0.3128073816385444,1.2115933430698644,1.1416666831275195,"{'5000K_2.0gcc': 3, '2000K_1.0gcc': 2}"
random,10,7,0.4922920799722673,0.27126299354542066,1.193791692905466,1.143636905770181,"{'5000K_2.0gcc': 6, '2000K_1.0gcc': 2, '300K_1.0gcc': 2}"
random,20,7,0.4547542501988803,0.2335720280463406,1.1755830417254955,1.144608256030051,"{'5000K_2.0gcc': 10, '2000K_1.0gcc': 6, '300K_1.0gcc': 4}"
random,40,7,0.4242787349183822,0.20446737081312913,1.1516961551582596,1.1481092785310143,"{'2000K_1.0gcc': 14, '5000K_2.0gcc': 14, '300K_1.0gcc': 12}"
random,2,8,0.5340781896452961,0.32691441171975927,1.2319474379522253,1.1412480549081503,"{'300K_1.0gcc': 1, '2000K_1.0gcc': 1}"
random,5,8,0.5050040720109331,0.27930998549476727,1.226545898573914,1.141050539553387,"{'300K_1.0gcc': 2, '2000K_1.0gcc': 2, '5000K_2.0gcc': 1}"
random,10,8,0.4749689241051243,0.24020881724860427,1.2234466959100891,1.1408949772033303,"{'2000K_1.0gcc': 6, '300K_1.0gcc': 3, '5000K_2.0gcc': 1}"
random,20,8,0.44681262264945376,0.22101915713031076,1.2014466911264978,1.1412505880881132,"{'2000K_1.0gcc': 10, '300K_1.0gcc': 5, '5000K_2.0gcc': 5}"
random,40,8,0.4177842182760957,0.20582211626245317,1.1821562103042853,1.1430544911909284,"{'300K_1.0gcc': 16, '2000K_1.0gcc': 15, '5000K_2.0gcc': 9}"
random,2,9,0.5303410992731948,0.3133367962883716,1.2340451303112314,1.1411642987405222,{'300K_1.0gcc': 2}
random,5,9,0.49326765393658234,0.2723607476547585,1.2241259186665627,1.1413620501860307,"{'300K_1.0gcc': 2, '2000K_1.0gcc': 2, '5000K_2.0gcc': 1}"
random,10,9,0.47158711145758037,0.24346714256793345,1.2202686108886425,1.14126534495305,"{'300K_1.0gcc': 4, '2000K_1.0gcc': 4, '5000K_2.0gcc': 2}"
random,20,9,0.4485937213378202,0.22178272271816196,1.2044146059358252,1.1423974157049055,"{'300K_1.0gcc': 9, '2000K_1.0gcc': 7, '5000K_2.0gcc': 4}"
random,40,9,0.42476025595602523,0.202633258076809,1.1692339842720965,1.146244256943769,"{'300K_1.0gcc': 16, '2000K_1.0gcc': 13, '5000K_2.0gcc': 11}"
random,2,10,0.5510187739196256,0.35312109339553915,1.229923400667276,1.1413958500564447,"{'300K_1.0gcc': 1, '5000K_2.0gcc': 1}"
random,5,10,0.5253780315275111,0.31634632954932834,1.218298710178591,1.1411626137752835,"{'5000K_2.0gcc': 3, '300K_1.0gcc': 2}"
random,10,10,0.48285840127430724,0.2595557746349077,1.2089221358636693,1.1410870334086878,"{'5000K_2.0gcc': 5, '300K_1.0gcc': 3, '2000K_1.0gcc': 2}"
random,20,10,0.4528698655958921,0.22731522624006548,1.1962465029571383,1.141483366259927,"{'5000K_2.0gcc': 8, '300K_1.0gcc': 6, '2000K_1.0gcc': 6}"
random,40,10,0.40816775218236867,0.2061062414295829,1.1668497266459574,1.1446675998134894,"{'2000K_1.0gcc': 15, '5000K_2.0gcc': 14, '300K_1.0gcc': 11}"
random,2,11,0.5499215514682956,0.3540491381125193,1.2281146682846598,1.141179874131756,"{'2000K_1.0gcc': 1, '5000K_2.0gcc': 1}"
random,5,11,0.501629226822222,0.285881141029587,1.2224047109928677,1.1409582996931606,"{'2000K_1.0gcc': 3, '5000K_2.0gcc': 2}"
random,10,11,0.48347298247954845,0.25586688547781383,1.2025751484668603,1.143343985260854,"{'5000K_2.0gcc': 5, '2000K_1.0gcc': 4, '300K_1.0gcc': 1}"
random,20,11,0.45275231020663786,0.222778006971021,1.1892990623672453,1.1446453094524407,"{'2000K_1.0gcc': 8, '5000K_2.0gcc': 7, '300K_1.0gcc': 5}"
random,40,11,0.42180881558987215,0.20287493302733278,1.162249254994539,1.1468953808700912,"{'2000K_1.0gcc': 17, '5000K_2.0gcc': 12, '300K_1.0gcc': 11}"
random,2,12,0.5479662503622614,0.34827166123502584,1.226904562454432,1.1415428589540015,"{'5000K_2.0gcc': 1, '300K_1.0gcc': 1}"
random,5,12,0.5045035395735192,0.28802795576564555,1.2213219885112179,1.1414347407761294,"{'5000K_2.0gcc': 2, '2000K_1.0gcc': 2, '300K_1.0gcc': 1}"
random,10,12,0.4782673438595663,0.2507534464800616,1.214819755156837,1.1412350338413428,"{'5000K_2.0gcc': 4, '300K_1.0gcc': 3, '2000K_1.0gcc': 3}"
random,20,12,0.45102591458282415,0.22291947312380406,1.1957729911226593,1.1420012683337588,"{'5000K_2.0gcc': 7, '2000K_1.0gcc': 7, '300K_1.0gcc': 6}"
random,40,12,0.4182099416205579,0.2043727392277438,1.1731438634175437,1.143193268656637,"{'2000K_1.0gcc': 18, '5000K_2.0gcc': 13, '300K_1.0gcc': 9}"
random,2,13,0.5484589079204985,0.3531450785392873,1.2273617840364175,1.1414431670042557,"{'5000K_2.0gcc': 1, '2000K_1.0gcc': 1}"
random,5,13,0.5023155595844417,0.2808402191623146,1.2222755950018647,1.140825173906497,"{'5000K_2.0gcc': 2, '300K_1.0gcc': 2, '2000K_1.0gcc': 1}"
random,10,13,0.46836671562206883,0.24556040117902575,1.2134029283421384,1.1410308316008486,"{'5000K_2.0gcc': 4, '2000K_1.0gcc': 4, '300K_1.0gcc': 2}"
random,20,13,0.43888596747758457,0.22505709912977762,1.1981953068602513,1.1419229812905085,"{'2000K_1.0gcc': 8, '5000K_2.0gcc': 7, '300K_1.0gcc': 5}"
random,40,13,0.41710109783485294,0.2079220504859287,1.1786946742429236,1.1429926417000518,"{'2000K_1.0gcc': 16, '5000K_2.0gcc': 12, '300K_1.0gcc': 12}"
random,2,14,0.5290663170231881,0.3137686483769581,1.2336397818960188,1.1411783471691748,"{'2000K_1.0gcc': 1, '300K_1.0gcc': 1}"
random,5,14,0.502784002957748,0.27413877809367376,1.2291910802180164,1.1410786779497541,"{'300K_1.0gcc': 3, '2000K_1.0gcc': 1, '5000K_2.0gcc': 1}"
random,10,14,0.4809278661978053,0.2610948624131694,1.2136614408686355,1.141677339726663,"{'5000K_2.0gcc': 5, '300K_1.0gcc': 4, '2000K_1.0gcc': 1}"
random,20,14,0.4508850880183242,0.22664683167107466,1.2076050005355685,1.1418044823356102,"{'300K_1.0gcc': 9, '5000K_2.0gcc': 6, '2000K_1.0gcc': 5}"
random,40,14,0.4169258407009139,0.2071415294236502,1.184450179260354,1.143322264354846,"{'300K_1.0gcc': 17, '2000K_1.0gcc': 13, '5000K_2.0gcc': 10}"
random,2,15,0.5533874137551218,0.3575529047036063,1.2321877685368812,1.1413122686105703,"{'2000K_1.0gcc': 1, '300K_1.0gcc': 1}"
random,5,15,0.5052711936453549,0.2854938437732658,1.2288333478821365,1.141097768672183,"{'2000K_1.0gcc': 2, '300K_1.0gcc': 2, '5000K_2.0gcc': 1}"
random,10,15,0.470426325735762,0.247112597381231,1.212077370505193,1.1418061284392065,"{'300K_1.0gcc': 4, '2000K_1.0gcc': 3, '5000K_2.0gcc': 3}"
random,20,15,0.4405423745892894,0.22196149499581325,1.197805418933438,1.1424082702054685,"{'2000K_1.0gcc': 7, '300K_1.0gcc': 7, '5000K_2.0gcc': 6}"
random,40,15,0.41318236921215235,0.20554148523586555,1.161476097609777,1.1451074457714705,"{'5000K_2.0gcc': 15, '2000K_1.0gcc': 13, '300K_1.0gcc': 12}"
random,2,16,0.5362720594659326,0.32927330855644493,1.2325343876860348,1.1412444040566783,"{'2000K_1.0gcc': 1, '300K_1.0gcc': 1}"
random,5,16,0.509272490428429,0.29714050049722074,1.2232507736544254,1.1411704408200671,"{'2000K_1.0gcc': 2, '5000K_2.0gcc': 2, '300K_1.0gcc': 1}"
random,10,16,0.47479464489772577,0.2474919575920704,1.2175600467262833,1.1413346224325498,"{'2000K_1.0gcc': 5, '5000K_2.0gcc': 3, '300K_1.0gcc': 2}"
random,20,16,0.44552713979756503,0.22809956859735755,1.1992666651746717,1.1423493264521059,"{'2000K_1.0gcc': 8, '5000K_2.0gcc': 7, '300K_1.0gcc': 5}"
random,40,16,0.41690973940637527,0.20570194255816202,1.1679657971688788,1.1459615906851692,"{'2000K_1.0gcc': 15, '5000K_2.0gcc': 13, '300K_1.0gcc': 12}"
random,2,17,0.608376121629393,0.43737814826321236,1.222679747716582,1.1420514234484416,{'5000K_2.0gcc': 2}
random,5,17,0.520726410874478,0.302377711226592,1.2233105189471634,1.1413555546433725,"{'5000K_2.0gcc': 2, '300K_1.0gcc': 2, '2000K_1.0gcc': 1}"
random,10,17,0.4768198419772388,0.24744812503825056,1.216038846050154,1.141239382276986,"{'2000K_1.0gcc': 5, '5000K_2.0gcc': 3, '300K_1.0gcc': 2}"
random,20,17,0.4490253986687211,0.22560409430213868,1.2061839609330853,1.141686884148624,"{'2000K_1.0gcc': 10, '5000K_2.0gcc': 5, '300K_1.0gcc': 5}"
random,40,17,0.422417607260597,0.20752494706743368,1.1712446087261867,1.1460686730993224,"{'2000K_1.0gcc': 18, '5000K_2.0gcc': 12, '300K_1.0gcc': 10}"
random,2,18,0.5514909467841453,0.35194027423880647,1.2275790723197662,1.1413555989843933,"{'2000K_1.0gcc': 1, '5000K_2.0gcc': 1}"
random,5,18,0.5237237761344622,0.3129160427982019,1.2213366841114188,1.1408620210092955,"{'5000K_2.0gcc': 3, '2000K_1.0gcc': 1, '300K_1.0gcc': 1}"
random,10,18,0.48607122201392555,0.2526568373161611,1.2187810474220744,1.1407077525051799,"{'5000K_2.0gcc': 4, '300K_1.0gcc': 4, '2000K_1.0gcc': 2}"
random,20,18,0.4636279139214676,0.22641508408142344,1.2066156546609068,1.1411091511330058,"{'300K_1.0gcc': 9, '5000K_2.0gcc': 6, '2000K_1.0gcc': 5}"
random,40,18,0.4287324021461194,0.20614126776042327,1.1773293381934176,1.143837636839173,"{'300K_1.0gcc': 16, '2000K_1.0gcc': 13, '5000K_2.0gcc': 11}"
random,2,19,0.6008140117585163,0.4283766600001246,1.223101892608028,1.14137874114473,{'5000K_2.0gcc': 2}
random,5,19,0.5368202196152825,0.3408658231369208,1.2132059225678289,1.1408079770650066,"{'5000K_2.0gcc': 4, '2000K_1.0gcc': 1}"
random,10,19,0.4786051723761944,0.25787365447882477,1.2062883598082597,1.1409593904786675,"{'5000K_2.0gcc': 5, '2000K_1.0gcc': 3, '300K_1.0gcc': 2}"
random,20,19,0.4493260853855908,0.22539652270875327,1.1973517733314853,1.1412073468568054,"{'2000K_1.0gcc': 8, '5000K_2.0gcc': 7, '300K_1.0gcc': 5}"
random,40,19,0.4133618859037535,0.20597821501536032,1.164504293742422,1.1436076697436814,"{'2000K_1.0gcc': 18, '5000K_2.0gcc': 14, '300K_1.0gcc': 8}"
random_5000K,2,0,0.6025511066527617,0.42920564901575897,1.2218392289250353,1.141789250390839,{'5000K_2.0gcc': 2}
random_5000K,5,0,0.5999476910542443,0.43319669237890984,1.20884030920819,1.1421140974111128,{'5000K_2.0gcc': 5}
random_5000K,10,0,0.5850086658785515,0.4262091533204833,1.1925349642750813,1.1423612957635312,{'5000K_2.0gcc': 10}
random_5000K,20,0,0.5665253785082767,0.4216059072820708,1.147479946113654,1.1470354629196142,{'5000K_2.0gcc': 20}
random_5000K,40,0,0.5818596893143786,0.45634462672924875,1.0811221990376927,1.164949872514613,{'5000K_2.0gcc': 40}
random_5000K,2,1,0.612338492230846,0.4477192098865167,1.2224573344388943,1.1420886816803468,{'5000K_2.0gcc': 2}
random_5000K,5,1,0.6175067888128966,0.45443808388478196,1.2051598594644117,1.1432681884160467,{'5000K_2.0gcc': 5}
random_5000K,10,1,0.5932103094357786,0.44184726323149737,1.1834585796792663,1.1442820246040504,{'5000K_2.0gcc': 10}
random_5000K,20,1,0.5723758609464419,0.4267235318576906,1.1460009792958825,1.1492051715919405,{'5000K_2.0gcc': 20}
random_5000K,40,1,0.5575483561133902,0.42697239398025333,1.0884771786199825,1.162221419678004,{'5000K_2.0gcc': 40}
random_5000K,2,2,0.6080214574306572,0.4423903823725633,1.2245897038618672,1.1417733674682147,{'5000K_2.0gcc': 2}
random_5000K,5,2,0.5929184718731652,0.4327816479530995,1.2086968668376672,1.1418625809593208,{'5000K_2.0gcc': 5}
random_5000K,10,2,0.5922029630658945,0.43386546155012873,1.187299751069784,1.142476555800821,{'5000K_2.0gcc': 10}
random_5000K,20,2,0.6025650494996144,0.4587177379440085,1.1472062685722055,1.1468406399893898,{'5000K_2.0gcc': 20}
random_5000K,40,2,0.5977987193404116,0.4665193386201621,1.0936970621064284,1.1583453522927902,{'5000K_2.0gcc': 40}
random_5000K,2,3,0.6029077776394894,0.43185918688173625,1.2246487764698886,1.141646914598798,{'5000K_2.0gcc': 2}
random_5000K,5,3,0.6107099612625316,0.4456877272529109,1.2046693757731957,1.1441850854451148,{'5000K_2.0gcc': 5}
random_5000K,10,3,0.6175550175977954,0.4646965939922716,1.1797115777093168,1.1465213743245626,{'5000K_2.0gcc': 10}
random_5000K,20,3,0.5994973751331882,0.4536800110431197,1.143295246446857,1.1508770805593913,{'5000K_2.0gcc': 20}
random_5000K,40,3,0.592442248024959,0.4661660729505101,1.0852706036033926,1.1634428406404875,{'5000K_2.0gcc': 40}
random_5000K,2,4,0.6005830066352349,0.43220334344049866,1.2232934032324383,1.1417888698843404,{'5000K_2.0gcc': 2}
random_5000K,5,4,0.5887019970887559,0.4240576721686323,1.2116394909135217,1.1417972296274441,{'5000K_2.0gcc': 5}
random_5000K,10,4,0.5861248317535491,0.42943071516836534,1.19022549467352,1.1430620370588995,{'5000K_2.0gcc': 10}
random_5000K,20,4,0.5842881504520887,0.4374989505693063,1.1546859308509185,1.146455187854415,{'5000K_2.0gcc': 20}
random_5000K,40,4,0.5720893439148019,0.43834718962640834,1.0882967256463243,1.1611544684619803,{'5000K_2.0gcc': 40}
random_5000K,2,5,0.6020563615645284,0.4327273662397626,1.2263904672551813,1.1417803772317885,{'5000K_2.0gcc': 2}
random_5000K,5,5,0.5986838805237628,0.4323225560256251,1.2147708803626147,1.1415400333049248,{'5000K_2.0gcc': 5}
random_5000K,10,5,0.5970853803157378,0.4432237372363901,1.193136740954831,1.1424213808687194,{'5000K_2.0gcc': 10}
random_5000K,20,5,0.5883804096724219,0.4436495426228294,1.1523554486878416,1.148406465116914,{'5000K_2.0gcc': 20}
random_5000K,40,5,0.6104075709930938,0.4894703439237685,1.0869005082912715,1.1630667072626475,{'5000K_2.0gcc': 40}
random_5000K,2,6,0.5911700852880007,0.4257060812841559,1.2176722631580228,1.1423027676263675,{'5000K_2.0gcc': 2}
random_5000K,5,6,0.5909175566548178,0.4259518675766571,1.205871717730539,1.1425048577960024,{'5000K_2.0gcc': 5}
random_5000K,10,6,0.6071019027171338,0.4531308180225211,1.1810091715045687,1.1461670216945314,{'5000K_2.0gcc': 10}
random_5000K,20,6,0.5971098614073002,0.4558811339099958,1.142446604089401,1.1505324914327621,{'5000K_2.0gcc': 20}
random_5000K,40,6,0.5672456800843192,0.43517051264936885,1.0811707366668635,1.164058819733828,{'5000K_2.0gcc': 40}
random_5000K,2,7,0.5999555033274238,0.4349326901685563,1.2248724727487068,1.1415130726844107,{'5000K_2.0gcc': 2}
random_5000K,5,7,0.6017758724359387,0.43811673913969584,1.2087141399614219,1.1414224645065574,{'5000K_2.0gcc': 5}
random_5000K,10,7,0.5877175699710186,0.43142806717604126,1.1914888686898464,1.1419972843046982,{'5000K_2.0gcc': 10}
random_5000K,20,7,0.5805501704132047,0.4384433653177297,1.1550035787565756,1.1449739049284555,{'5000K_2.0gcc': 20}
random_5000K,40,7,0.5940652205604003,0.46516471943454485,1.0950197234506802,1.1592315684646959,{'5000K_2.0gcc': 40}
random_5000K,2,8,0.6068754499836979,0.43986709864194495,1.2200503680816743,1.143081101666009,{'5000K_2.0gcc': 2}
random_5000K,5,8,0.608295755543895,0.4458633197172381,1.199186927827798,1.1457937959846674,{'5000K_2.0gcc': 5}
random_5000K,10,8,0.6047518333071321,0.4454549289706591,1.1818735562258331,1.14572320332184,{'5000K_2.0gcc': 10}
random_5000K,20,8,0.5869328686345261,0.4373562217689707,1.1477057148322873,1.148842132787796,{'5000K_2.0gcc': 20}
random_5000K,40,8,0.554035050567243,0.4192958182018848,1.0902675373630788,1.1618268374446714,{'5000K_2.0gcc': 40}
random_5000K,2,9,0.5965469229457081,0.42955346541440265,1.220692293067163,1.1420580505545228,{'5000K_2.0gcc': 2}
random_5000K,5,9,0.600512783639873,0.44151533060200904,1.2030078634225692,1.1444064757533285,{'5000K_2.0gcc': 5}
random_5000K,10,9,0.5973262412357127,0.44324906478189374,1.180541519672834,1.145633565135913,{'5000K_2.0gcc': 10}
random_5000K,20,9,0.5899071497820271,0.45089887224215797,1.13530746365977,1.15310941087373,{'5000K_2.0gcc': 20}
random_5000K,40,9,0.5640562821628851,0.43136869576735093,1.0798549918967912,1.1656958001302444,{'5000K_2.0gcc': 40}
random_5000K,2,10,0.6010228550438615,0.42682431650165825,1.218791772622544,1.1418531769104714,{'5000K_2.0gcc': 2}
random_5000K,5,10,0.5821436463125832,0.4147136472407213,1.201980176444878,1.1419904931021938,{'5000K_2.0gcc': 5}
random_5000K,10,10,0.5883740511985059,0.426689763055638,1.1729688427530935,1.1463346709581146,{'5000K_2.0gcc': 10}
random_5000K,20,10,0.5982935393192296,0.45441700403833735,1.1406786663829107,1.1500103817332803,{'5000K_2.0gcc': 20}
random_5000K,40,10,0.5768448777592556,0.4490770610475903,1.0893943414780278,1.1599939174375467,{'5000K_2.0gcc': 40}
random_5000K,2,11,0.5993635301897015,0.43172965267016533,1.2158217476863502,1.1427088395066598,{'5000K_2.0gcc': 2}
random_5000K,5,11,0.5906713778830572,0.4244772486493594,1.2007357854125402,1.1433120422332093,{'5000K_2.0gcc': 5}
random_5000K,10,11,0.5919939307340288,0.43410330460259505,1.183973280277229,1.1440932474664753,{'5000K_2.0gcc': 10}
random_5000K,20,11,0.5956942538368659,0.45079633618203524,1.1378058208463484,1.1529817862773948,{'5000K_2.0gcc': 20}
random_5000K,40,11,0.5748666838814428,0.45174088623188424,1.0827369402459246,1.1665059400917115,{'5000K_2.0gcc': 40}
random_5000K,2,12,0.6016019641347292,0.42468939484852486,1.227627519155599,1.1407831978881826,{'5000K_2.0gcc': 2}
random_5000K,5,12,0.5947537396416205,0.4270353106785992,1.2149996420393712,1.1411494506968338,{'5000K_2.0gcc': 5}
random_5000K,10,12,0.5771753220847347,0.41567278914959543,1.197442174120097,1.1415798572873213,{'5000K_2.0gcc': 10}
random_5000K,20,12,0.5705722965942788,0.4258472934060798,1.1655509170400278,1.1455533409027676,{'5000K_2.0gcc': 20}
random_5000K,40,12,0.5590703315218707,0.4365861950699818,1.0964650716837079,1.1606660215388638,{'5000K_2.0gcc': 40}
random_5000K,2,13,0.5993991410185433,0.431165975903452,1.222748084910758,1.1417509452152341,{'5000K_2.0gcc': 2}
random_5000K,5,13,0.592707424396896,0.42734986911257483,1.2077541104890606,1.1432697596998789,{'5000K_2.0gcc': 5}
random_5000K,10,13,0.6017794278828882,0.4476365254295678,1.1824348419670427,1.1460422035870599,{'5000K_2.0gcc': 10}
random_5000K,20,13,0.5999001889451163,0.4611610103114563,1.1399987752588383,1.1521703834776345,{'5000K_2.0gcc': 20}
random_5000K,40,13,0.6157076957616289,0.49853471169197644,1.0876658276659683,1.1624942996558616,{'5000K_2.0gcc': 40}
random_5000K,2,14,0.5932758653853475,0.4221126710693961,1.2210896656646464,1.141722066905047,{'5000K_2.0gcc': 2}
random_5000K,5,14,0.5896926000002994,0.4258998734333475,1.2026784275170554,1.1424415609266154,{'5000K_2.0gcc': 5}
random_5000K,10,14,0.5843289666910465,0.4262662921960618,1.1803967723845767,1.1441337413814707,{'5000K_2.0gcc': 10}
random_5000K,20,14,0.5898657041303492,0.4498635919527556,1.1303935405382057,1.1542924816953224,{'5000K_2.0gcc': 20}
random_5000K,40,14,0.5761734975849376,0.4485940868368962,1.081761421946819,1.1661348297051022,{'5000K_2.0gcc': 40}
random_5000K,2,15,0.5977241913428007,0.42896476991631716,1.2237749027617948,1.1416186068540246,{'5000K_2.0gcc': 2}
random_5000K,5,15,0.5968340551707011,0.4317259047203923,1.211192200162624,1.1415926688586069,{'5000K_2.0gcc': 5}
random_5000K,10,15,0.5929270983347452,0.4439627543054269,1.1904097509437193,1.1430097151885124,{'5000K_2.0gcc': 10}
random_5000K,20,15,0.5769459398932069,0.44497885651616853,1.151992129869633,1.1484370302613929,{'5000K_2.0gcc': 20}
random_5000K,40,15,0.5941699627003246,0.47916844979814865,1.09837853002561,1.1594016507361862,{'5000K_2.0gcc': 40}
random_5000K,2,16,0.6021755562449128,0.4334235336493848,1.224401554711741,1.141797534302861,{'5000K_2.0gcc': 2}
random_5000K,5,16,0.5883658976537959,0.42670688371116516,1.2122424355647134,1.1419956478490774,{'5000K_2.0gcc': 5}
random_5000K,10,16,0.5765884616974101,0.4148171288498839,1.1963686596148517,1.1417003776500012,{'5000K_2.0gcc': 10}
random_5000K,20,16,0.5685923695769033,0.41924462751925734,1.1573134937198837,1.1448078809383326,{'5000K_2.0gcc': 20}
random_5000K,40,16,0.5647212262022203,0.43375661968289136,1.0987329336349008,1.1568795248324515,{'5000K_2.0gcc': 40}
random_5000K,2,17,0.5960864335213516,0.4223314605492515,1.2189225057455955,1.1418356424159892,{'5000K_2.0gcc': 2}
random_5000K,5,17,0.6037932951487592,0.44170755709250437,1.203047824620466,1.1427898998489487,{'5000K_2.0gcc': 5}
random_5000K,10,17,0.6048685581656449,0.45052141436827087,1.1840402729183481,1.1436153788718086,{'5000K_2.0gcc': 10}
random_5000K,20,17,0.5907722838637005,0.4492986585532595,1.1507169156117365,1.1476489635048635,{'5000K_2.0gcc': 20}
random_5000K,40,17,0.5724637128300536,0.4412822725777984,1.0992957886231127,1.1580434373256778,{'5000K_2.0gcc': 40}
random_5000K,2,18,0.5980387930840413,0.42669926537392855,1.2234580333283664,1.1417729357343465,{'5000K_2.0gcc': 2}
random_5000K,5,18,0.606787643496094,0.44450546820928055,1.207255139616805,1.143062290475433,{'5000K_2.0gcc': 5}
random_5000K,10,18,0.6067521595004404,0.44968870902531677,1.1901358070405537,1.1431953402798665,{'5000K_2.0gcc': 10}
random_5000K,20,18,0.5985313159945411,0.4570376620170081,1.1542155325569692,1.1482860560956538,{'5000K_2.0gcc': 20}
random_5000K,40,18,0.6069292136782124,0.48294298345992404,1.0988558554161252,1.1590765934946745,{'5000K_2.0gcc': 40}
random_5000K,2,19,0.59955572568121,0.43177927005040795,1.2241322702737005,1.1419681634915415,{'5000K_2.0gcc': 2}
random_5000K,5,19,0.5917773278960236,0.4285245546548759,1.2118462886771644,1.1424906172477571,{'5000K_2.0gcc': 5}
random_5000K,10,19,0.575254417114738,0.4185960928278177,1.1895295541669204,1.142928934771975,{'5000K_2.0gcc': 10}
random_5000K,20,19,0.5792331947023165,0.43096122641746654,1.153203281504829,1.1464150651803648,{'5000K_2.0gcc': 20}
random_5000K,40,19,0.5746734110989247,0.4462579523530632,1.0942707238182325,1.1571227176994012,{'5000K_2.0gcc': 40}
