statepoint,score,n,spearman,auroc_q90,recall10,sp_c0,sp_c1,sp_c2,sp_c3,sp_c4,sp_c5
2000K_1.0gcc,gamma_bulk,19200,0.3949141544257966,0.5355434690875771,0.13489583333333333,0.37590511061625,-0.132452510979895,0.3612974754341588,0.36827218573010967,0.3999035624178211,0.33431594344374677
2000K_1.0gcc,gamma_cluster,19200,0.40097421696041896,0.5486936065297068,0.12239583333333333,0.43453681852051723,-0.21270632722576419,0.3694699364767746,0.36254304849129887,0.450827203217187,0.3464886058434261
2000K_1.0gcc,cluster_id_mean_err_oracle,19200,0.23933043322530004,0.6428067280333719,0.25885416666666666,,,,,,
2000K_1.0gcc,random,19200,0.01363792767473125,0.510948802806713,0.1046875,,,,,,
300K_1.0gcc,gamma_bulk,19200,0.5490835623217558,0.7953198242187501,0.3796875,0.5668267372292173,,0.5161151681565705,0.6070398537295232,0.5351073518245695,0.48793902477854884
300K_1.0gcc,gamma_cluster,19200,0.5342682585449751,0.7576710642119985,0.34739583333333335,0.6487740494938333,,0.5283785224212916,0.6095069208939147,0.616047163476482,0.46869318945334093
300K_1.0gcc,cluster_id_mean_err_oracle,19200,0.21257586130665868,0.5844019458912038,0.1578125,,,,,,
300K_1.0gcc,random,19200,-0.003901018946739418,0.5142519651813271,0.11354166666666667,,,,,,
5000K_2.0gcc,gamma_bulk,19200,0.1471441477546152,0.6368795663339121,0.190625,0.18663940198085346,0.17360787162174304,0.06705886060114859,0.12958600234257878,0.16775590285750483,0.07750435915109465
5000K_2.0gcc,gamma_cluster,19200,0.271728273678188,0.6941697711709105,0.2765625,0.46598830327876956,0.06070936579295252,0.2707573395852304,0.3625390544722481,0.43768572038351783,0.2514965551717822
5000K_2.0gcc,cluster_id_mean_err_oracle,19200,0.4881402430057244,0.7586897485050155,0.24739583333333334,,,,,,
5000K_2.0gcc,random,19200,0.006517247345695658,0.4958005099826389,0.0890625,,,,,,
