frame,statepoint,seed,block,role
1819,2000K_1.0gcc,1,2000K_1.0gcc__s1__b0,pool
1820,2000K_1.0gcc,1,2000K_1.0gcc__s1__b0,pool
1821,2000K_1.0gcc,1,2000K_1.0gcc__s1__b0,pool
1822,2000K_1.0gcc,1,2000K_1.0gcc__s1__b0,pool
1823,2000K_1.0gcc,1,2000K_1.0gcc__s1__b0,pool
1824,2000K_1.0gcc,1,2000K_1.0gcc__s1__b0,pool
1825,2000K_1.0gcc,1,2000K_1.0gcc__s1__b0,pool
1826,2000K_1.0gcc,1,2000K_1.0gcc__s1__b0,pool
1827,2000K_1.0gcc,1,2000K_1.0gcc__s1__b0,pool
1828,2000K_1.0gcc,1,2000K_1.0gcc__s1__b0,pool
1829,2000K_1.0gcc,1,2000K_1.0gcc__s1__b1,pool
1830,2000K_1.0gcc,1,2000K_1.0gcc__s1__b1,pool
1831,2000K_1.0gcc,1,2000K_1.0gcc__s1__b1,pool
1832,2000K_1.0gcc,1,2000K_1.0gcc__s1__b1,pool
1833,2000K_1.0gcc,1,2000K_1.0gcc__s1__b1,pool
1834,2000K_1.0gcc,1,2000K_1.0gcc__s1__b1,pool
1835,2000K_1.0gcc,1,2000K_1.0gcc__s1__b1,pool
1836,2000K_1.0gcc,1,2000K_1.0gcc__s1__b1,pool
1837,2000K_1.0gcc,1,2000K_1.0gcc__s1__b1,pool
1838,2000K_1.0gcc,1,2000K_1.0gcc__s1__b1,pool
1839,2000K_1.0gcc,1,2000K_1.0gcc__s1__b2,pool
1840,2000K_1.0gcc,1,2000K_1.0gcc__s1__b2,pool
1841,2000K_1.0gcc,1,2000K_1.0gcc__s1__b2,pool
1842,2000K_1.0gcc,1,2000K_1.0gcc__s1__b2,pool
1843,2000K_1.0gcc,1,2000K_1.0gcc__s1__b2,pool
1844,2000K_1.0gcc,1,2000K_1.0gcc__s1__b2,pool
1845,2000K_1.0gcc,1,2000K_1.0gcc__s1__b2,pool
1846,2000K_1.0gcc,1,2000K_1.0gcc__s1__b2,pool
1847,2000K_1.0gcc,1,2000K_1.0gcc__s1__b2,pool
1848,2000K_1.0gcc,1,2000K_1.0gcc__s1__b2,pool
1849,2000K_1.0gcc,1,2000K_1.0gcc__s1__b3,pool
1850,2000K_1.0gcc,1,2000K_1.0gcc__s1__b3,pool
1851,2000K_1.0gcc,1,2000K_1.0gcc__s1__b3,pool
1852,2000K_1.0gcc,1,2000K_1.0gcc__s1__b3,pool
1853,2000K_1.0gcc,1,2000K_1.0gcc__s1__b3,pool
1854,2000K_1.0gcc,1,2000K_1.0gcc__s1__b3,pool
1855,2000K_1.0gcc,1,2000K_1.0gcc__s1__b3,pool
1856,2000K_1.0gcc,1,2000K_1.0gcc__s1__b3,pool
1857,2000K_1.0gcc,1,2000K_1.0gcc__s1__b3,pool
1858,2000K_1.0gcc,1,2000K_1.0gcc__s1__b3,pool
1859,2000K_1.0gcc,1,2000K_1.0gcc__s1__b4,pool
1860,2000K_1.0gcc,1,2000K_1.0gcc__s1__b4,pool
1861,2000K_1.0gcc,1,2000K_1.0gcc__s1__b4,pool
1862,2000K_1.0gcc,1,2000K_1.0gcc__s1__b4,pool
1863,2000K_1.0gcc,1,2000K_1.0gcc__s1__b4,pool
1864,2000K_1.0gcc,1,2000K_1.0gcc__s1__b4,pool
1865,2000K_1.0gcc,1,2000K_1.0gcc__s1__b4,pool
1866,2000K_1.0gcc,1,2000K_1.0gcc__s1__b4,pool
1867,2000K_1.0gcc,1,2000K_1.0gcc__s1__b4,pool
1868,2000K_1.0gcc,1,2000K_1.0gcc__s1__b4,pool
1869,2000K_1.0gcc,1,2000K_1.0gcc__s1__b5,pool
1870,2000K_1.0gcc,1,2000K_1.0gcc__s1__b5,pool
1871,2000K_1.0gcc,1,2000K_1.0gcc__s1__b5,pool
1872,2000K_1.0gcc,1,2000K_1.0gcc__s1__b5,pool
1873,2000K_1.0gcc,1,2000K_1.0gcc__s1__b5,pool
1874,2000K_1.0gcc,1,2000K_1.0gcc__s1__b5,pool
1875,2000K_1.0gcc,1,2000K_1.0gcc__s1__b5,pool
1876,2000K_1.0gcc,1,2000K_1.0gcc__s1__b5,pool
1877,2000K_1.0gcc,1,2000K_1.0gcc__s1__b5,pool
1878,2000K_1.0gcc,1,2000K_1.0gcc__s1__b5,pool
1879,2000K_1.0gcc,1,2000K_1.0gcc__s1__b6,test
1880,2000K_1.0gcc,1,2000K_1.0gcc__s1__b6,test
1881,2000K_1.0gcc,1,2000K_1.0gcc__s1__b6,test
1882,2000K_1.0gcc,1,2000K_1.0gcc__s1__b6,test
1883,2000K_1.0gcc,1,2000K_1.0gcc__s1__b6,test
1884,2000K_1.0gcc,1,2000K_1.0gcc__s1__b6,test
1885,2000K_1.0gcc,1,2000K_1.0gcc__s1__b6,test
1886,2000K_1.0gcc,1,2000K_1.0gcc__s1__b6,test
1887,2000K_1.0gcc,1,2000K_1.0gcc__s1__b6,test
1888,2000K_1.0gcc,1,2000K_1.0gcc__s1__b6,test
1889,2000K_1.0gcc,1,2000K_1.0gcc__s1__b7,test
1890,2000K_1.0gcc,1,2000K_1.0gcc__s1__b7,test
1891,2000K_1.0gcc,1,2000K_1.0gcc__s1__b7,test
1892,2000K_1.0gcc,1,2000K_1.0gcc__s1__b7,test
1893,2000K_1.0gcc,1,2000K_1.0gcc__s1__b7,test
1894,2000K_1.0gcc,1,2000K_1.0gcc__s1__b7,test
1895,2000K_1.0gcc,1,2000K_1.0gcc__s1__b7,test
1896,2000K_1.0gcc,1,2000K_1.0gcc__s1__b7,test
1897,2000K_1.0gcc,1,2000K_1.0gcc__s1__b7,test
1898,2000K_1.0gcc,1,2000K_1.0gcc__s1__b7,test
1899,2000K_1.0gcc,1,2000K_1.0gcc__s1__b8,pool
1900,2000K_1.0gcc,1,2000K_1.0gcc__s1__b8,pool
1901,2000K_1.0gcc,1,2000K_1.0gcc__s1__b8,pool
1902,2000K_1.0gcc,1,2000K_1.0gcc__s1__b8,pool
1903,2000K_1.0gcc,1,2000K_1.0gcc__s1__b8,pool
1904,2000K_1.0gcc,1,2000K_1.0gcc__s1__b8,pool
1905,2000K_1.0gcc,1,2000K_1.0gcc__s1__b8,pool
1906,2000K_1.0gcc,1,2000K_1.0gcc__s1__b8,pool
1907,2000K_1.0gcc,1,2000K_1.0gcc__s1__b8,pool
1908,2000K_1.0gcc,1,2000K_1.0gcc__s1__b8,pool
1909,2000K_1.0gcc,1,2000K_1.0gcc__s1__b9,test
1910,2000K_1.0gcc,1,2000K_1.0gcc__s1__b9,test
1911,2000K_1.0gcc,1,2000K_1.0gcc__s1__b9,test
1912,2000K_1.0gcc,1,2000K_1.0gcc__s1__b9,test
1913,2000K_1.0gcc,1,2000K_1.0gcc__s1__b9,test
1914,2000K_1.0gcc,1,2000K_1.0gcc__s1__b9,test
1915,2000K_1.0gcc,1,2000K_1.0gcc__s1__b9,test
1916,2000K_1.0gcc,1,2000K_1.0gcc__s1__b9,test
1917,2000K_1.0gcc,1,2000K_1.0gcc__s1__b9,test
1918,2000K_1.0gcc,1,2000K_1.0gcc__s1__b9,test
1920,2000K_1.0gcc,2,2000K_1.0gcc__s2__b0,pool
1921,2000K_1.0gcc,2,2000K_1.0gcc__s2__b0,pool
1922,2000K_1.0gcc,2,2000K_1.0gcc__s2__b0,pool
1923,2000K_1.0gcc,2,2000K_1.0gcc__s2__b0,pool
1924,2000K_1.0gcc,2,2000K_1.0gcc__s2__b0,pool
1925,2000K_1.0gcc,2,2000K_1.0gcc__s2__b0,pool
1926,2000K_1.0gcc,2,2000K_1.0gcc__s2__b0,pool
1927,2000K_1.0gcc,2,2000K_1.0gcc__s2__b0,pool
1928,2000K_1.0gcc,2,2000K_1.0gcc__s2__b0,pool
1929,2000K_1.0gcc,2,2000K_1.0gcc__s2__b0,pool
1930,2000K_1.0gcc,2,2000K_1.0gcc__s2__b1,pool
1931,2000K_1.0gcc,2,2000K_1.0gcc__s2__b1,pool
1932,2000K_1.0gcc,2,2000K_1.0gcc__s2__b1,pool
1933,2000K_1.0gcc,2,2000K_1.0gcc__s2__b1,pool
1934,2000K_1.0gcc,2,2000K_1.0gcc__s2__b1,pool
1935,2000K_1.0gcc,2,2000K_1.0gcc__s2__b1,pool
1936,2000K_1.0gcc,2,2000K_1.0gcc__s2__b1,pool
1937,2000K_1.0gcc,2,2000K_1.0gcc__s2__b1,pool
1938,2000K_1.0gcc,2,2000K_1.0gcc__s2__b1,pool
1939,2000K_1.0gcc,2,2000K_1.0gcc__s2__b1,pool
1940,2000K_1.0gcc,2,2000K_1.0gcc__s2__b2,test
1941,2000K_1.0gcc,2,2000K_1.0gcc__s2__b2,test
1942,2000K_1.0gcc,2,2000K_1.0gcc__s2__b2,test
1943,2000K_1.0gcc,2,2000K_1.0gcc__s2__b2,test
1944,2000K_1.0gcc,2,2000K_1.0gcc__s2__b2,test
1945,2000K_1.0gcc,2,2000K_1.0gcc__s2__b2,test
1946,2000K_1.0gcc,2,2000K_1.0gcc__s2__b2,test
1947,2000K_1.0gcc,2,2000K_1.0gcc__s2__b2,test
1948,2000K_1.0gcc,2,2000K_1.0gcc__s2__b2,test
1949,2000K_1.0gcc,2,2000K_1.0gcc__s2__b2,test
1950,2000K_1.0gcc,2,2000K_1.0gcc__s2__b3,pool
1951,2000K_1.0gcc,2,2000K_1.0gcc__s2__b3,pool
1952,2000K_1.0gcc,2,2000K_1.0gcc__s2__b3,pool
1953,2000K_1.0gcc,2,2000K_1.0gcc__s2__b3,pool
1954,2000K_1.0gcc,2,2000K_1.0gcc__s2__b3,pool
1955,2000K_1.0gcc,2,2000K_1.0gcc__s2__b3,pool
1956,2000K_1.0gcc,2,2000K_1.0gcc__s2__b3,pool
1957,2000K_1.0gcc,2,2000K_1.0gcc__s2__b3,pool
1958,2000K_1.0gcc,2,2000K_1.0gcc__s2__b3,pool
1959,2000K_1.0gcc,2,2000K_1.0gcc__s2__b3,pool
1960,2000K_1.0gcc,2,2000K_1.0gcc__s2__b4,test
1961,2000K_1.0gcc,2,2000K_1.0gcc__s2__b4,test
1962,2000K_1.0gcc,2,2000K_1.0gcc__s2__b4,test
1963,2000K_1.0gcc,2,2000K_1.0gcc__s2__b4,test
1964,2000K_1.0gcc,2,2000K_1.0gcc__s2__b4,test
1965,2000K_1.0gcc,2,2000K_1.0gcc__s2__b4,test
1966,2000K_1.0gcc,2,2000K_1.0gcc__s2__b4,test
1967,2000K_1.0gcc,2,2000K_1.0gcc__s2__b4,test
1968,2000K_1.0gcc,2,2000K_1.0gcc__s2__b4,test
1969,2000K_1.0gcc,2,2000K_1.0gcc__s2__b4,test
1970,2000K_1.0gcc,2,2000K_1.0gcc__s2__b5,test
1971,2000K_1.0gcc,2,2000K_1.0gcc__s2__b5,test
1972,2000K_1.0gcc,2,2000K_1.0gcc__s2__b5,test
1973,2000K_1.0gcc,2,2000K_1.0gcc__s2__b5,test
1974,2000K_1.0gcc,2,2000K_1.0gcc__s2__b5,test
1975,2000K_1.0gcc,2,2000K_1.0gcc__s2__b5,test
1976,2000K_1.0gcc,2,2000K_1.0gcc__s2__b5,test
1977,2000K_1.0gcc,2,2000K_1.0gcc__s2__b5,test
1978,2000K_1.0gcc,2,2000K_1.0gcc__s2__b5,test
1979,2000K_1.0gcc,2,2000K_1.0gcc__s2__b5,test
1980,2000K_1.0gcc,2,2000K_1.0gcc__s2__b6,pool
1981,2000K_1.0gcc,2,2000K_1.0gcc__s2__b6,pool
1982,2000K_1.0gcc,2,2000K_1.0gcc__s2__b6,pool
1983,2000K_1.0gcc,2,2000K_1.0gcc__s2__b6,pool
1984,2000K_1.0gcc,2,2000K_1.0gcc__s2__b6,pool
1985,2000K_1.0gcc,2,2000K_1.0gcc__s2__b6,pool
1986,2000K_1.0gcc,2,2000K_1.0gcc__s2__b6,pool
1987,2000K_1.0gcc,2,2000K_1.0gcc__s2__b6,pool
1988,2000K_1.0gcc,2,2000K_1.0gcc__s2__b6,pool
1989,2000K_1.0gcc,2,2000K_1.0gcc__s2__b6,pool
1990,2000K_1.0gcc,2,2000K_1.0gcc__s2__b7,pool
1991,2000K_1.0gcc,2,2000K_1.0gcc__s2__b7,pool
1992,2000K_1.0gcc,2,2000K_1.0gcc__s2__b7,pool
1993,2000K_1.0gcc,2,2000K_1.0gcc__s2__b7,pool
1994,2000K_1.0gcc,2,2000K_1.0gcc__s2__b7,pool
1995,2000K_1.0gcc,2,2000K_1.0gcc__s2__b7,pool
1996,2000K_1.0gcc,2,2000K_1.0gcc__s2__b7,pool
1997,2000K_1.0gcc,2,2000K_1.0gcc__s2__b7,pool
1998,2000K_1.0gcc,2,2000K_1.0gcc__s2__b7,pool
1999,2000K_1.0gcc,2,2000K_1.0gcc__s2__b7,pool
2000,2000K_1.0gcc,2,2000K_1.0gcc__s2__b8,pool
2001,2000K_1.0gcc,2,2000K_1.0gcc__s2__b8,pool
2002,2000K_1.0gcc,2,2000K_1.0gcc__s2__b8,pool
2003,2000K_1.0gcc,2,2000K_1.0gcc__s2__b8,pool
2004,2000K_1.0gcc,2,2000K_1.0gcc__s2__b8,pool
2005,2000K_1.0gcc,2,2000K_1.0gcc__s2__b8,pool
2006,2000K_1.0gcc,2,2000K_1.0gcc__s2__b8,pool
2007,2000K_1.0gcc,2,2000K_1.0gcc__s2__b8,pool
2008,2000K_1.0gcc,2,2000K_1.0gcc__s2__b8,pool
2009,2000K_1.0gcc,2,2000K_1.0gcc__s2__b8,pool
2010,2000K_1.0gcc,2,2000K_1.0gcc__s2__b9,pool
2011,2000K_1.0gcc,2,2000K_1.0gcc__s2__b9,pool
2012,2000K_1.0gcc,2,2000K_1.0gcc__s2__b9,pool
2013,2000K_1.0gcc,2,2000K_1.0gcc__s2__b9,pool
2014,2000K_1.0gcc,2,2000K_1.0gcc__s2__b9,pool
2015,2000K_1.0gcc,2,2000K_1.0gcc__s2__b9,pool
2016,2000K_1.0gcc,2,2000K_1.0gcc__s2__b9,pool
2017,2000K_1.0gcc,2,2000K_1.0gcc__s2__b9,pool
2018,2000K_1.0gcc,2,2000K_1.0gcc__s2__b9,pool
2019,2000K_1.0gcc,2,2000K_1.0gcc__s2__b9,pool
2021,2000K_1.0gcc,3,2000K_1.0gcc__s3__b0,test
2022,2000K_1.0gcc,3,2000K_1.0gcc__s3__b0,test
2023,2000K_1.0gcc,3,2000K_1.0gcc__s3__b0,test
2024,2000K_1.0gcc,3,2000K_1.0gcc__s3__b0,test
2025,2000K_1.0gcc,3,2000K_1.0gcc__s3__b0,test
2026,2000K_1.0gcc,3,2000K_1.0gcc__s3__b0,test
2027,2000K_1.0gcc,3,2000K_1.0gcc__s3__b0,test
2028,2000K_1.0gcc,3,2000K_1.0gcc__s3__b0,test
2029,2000K_1.0gcc,3,2000K_1.0gcc__s3__b0,test
2030,2000K_1.0gcc,3,2000K_1.0gcc__s3__b0,test
2031,2000K_1.0gcc,3,2000K_1.0gcc__s3__b1,pool
2032,2000K_1.0gcc,3,2000K_1.0gcc__s3__b1,pool
2033,2000K_1.0gcc,3,2000K_1.0gcc__s3__b1,pool
2034,2000K_1.0gcc,3,2000K_1.0gcc__s3__b1,pool
2035,2000K_1.0gcc,3,2000K_1.0gcc__s3__b1,pool
2036,2000K_1.0gcc,3,2000K_1.0gcc__s3__b1,pool
2037,2000K_1.0gcc,3,2000K_1.0gcc__s3__b1,pool
2038,2000K_1.0gcc,3,2000K_1.0gcc__s3__b1,pool
2039,2000K_1.0gcc,3,2000K_1.0gcc__s3__b1,pool
2040,2000K_1.0gcc,3,2000K_1.0gcc__s3__b1,pool
2041,2000K_1.0gcc,3,2000K_1.0gcc__s3__b2,test
2042,2000K_1.0gcc,3,2000K_1.0gcc__s3__b2,test
2043,2000K_1.0gcc,3,2000K_1.0gcc__s3__b2,test
2044,2000K_1.0gcc,3,2000K_1.0gcc__s3__b2,test
2045,2000K_1.0gcc,3,2000K_1.0gcc__s3__b2,test
2046,2000K_1.0gcc,3,2000K_1.0gcc__s3__b2,test
2047,2000K_1.0gcc,3,2000K_1.0gcc__s3__b2,test
2048,2000K_1.0gcc,3,2000K_1.0gcc__s3__b2,test
2049,2000K_1.0gcc,3,2000K_1.0gcc__s3__b2,test
2050,2000K_1.0gcc,3,2000K_1.0gcc__s3__b2,test
2051,2000K_1.0gcc,3,2000K_1.0gcc__s3__b3,pool
2052,2000K_1.0gcc,3,2000K_1.0gcc__s3__b3,pool
2053,2000K_1.0gcc,3,2000K_1.0gcc__s3__b3,pool
2054,2000K_1.0gcc,3,2000K_1.0gcc__s3__b3,pool
2055,2000K_1.0gcc,3,2000K_1.0gcc__s3__b3,pool
2056,2000K_1.0gcc,3,2000K_1.0gcc__s3__b3,pool
2057,2000K_1.0gcc,3,2000K_1.0gcc__s3__b3,pool
2058,2000K_1.0gcc,3,2000K_1.0gcc__s3__b3,pool
2059,2000K_1.0gcc,3,2000K_1.0gcc__s3__b3,pool
2060,2000K_1.0gcc,3,2000K_1.0gcc__s3__b3,pool
2061,2000K_1.0gcc,3,2000K_1.0gcc__s3__b4,pool
2062,2000K_1.0gcc,3,2000K_1.0gcc__s3__b4,pool
2063,2000K_1.0gcc,3,2000K_1.0gcc__s3__b4,pool
2064,2000K_1.0gcc,3,2000K_1.0gcc__s3__b4,pool
2065,2000K_1.0gcc,3,2000K_1.0gcc__s3__b4,pool
2066,2000K_1.0gcc,3,2000K_1.0gcc__s3__b4,pool
2067,2000K_1.0gcc,3,2000K_1.0gcc__s3__b4,pool
2068,2000K_1.0gcc,3,2000K_1.0gcc__s3__b4,pool
2069,2000K_1.0gcc,3,2000K_1.0gcc__s3__b4,pool
2070,2000K_1.0gcc,3,2000K_1.0gcc__s3__b4,pool
2071,2000K_1.0gcc,3,2000K_1.0gcc__s3__b5,pool
2072,2000K_1.0gcc,3,2000K_1.0gcc__s3__b5,pool
2073,2000K_1.0gcc,3,2000K_1.0gcc__s3__b5,pool
2074,2000K_1.0gcc,3,2000K_1.0gcc__s3__b5,pool
2075,2000K_1.0gcc,3,2000K_1.0gcc__s3__b5,pool
2076,2000K_1.0gcc,3,2000K_1.0gcc__s3__b5,pool
2077,2000K_1.0gcc,3,2000K_1.0gcc__s3__b5,pool
2078,2000K_1.0gcc,3,2000K_1.0gcc__s3__b5,pool
2079,2000K_1.0gcc,3,2000K_1.0gcc__s3__b5,pool
2080,2000K_1.0gcc,3,2000K_1.0gcc__s3__b5,pool
2081,2000K_1.0gcc,3,2000K_1.0gcc__s3__b6,test
2082,2000K_1.0gcc,3,2000K_1.0gcc__s3__b6,test
2083,2000K_1.0gcc,3,2000K_1.0gcc__s3__b6,test
2084,2000K_1.0gcc,3,2000K_1.0gcc__s3__b6,test
2085,2000K_1.0gcc,3,2000K_1.0gcc__s3__b6,test
2086,2000K_1.0gcc,3,2000K_1.0gcc__s3__b6,test
2087,2000K_1.0gcc,3,2000K_1.0gcc__s3__b6,test
2088,2000K_1.0gcc,3,2000K_1.0gcc__s3__b6,test
2089,2000K_1.0gcc,3,2000K_1.0gcc__s3__b6,test
2090,2000K_1.0gcc,3,2000K_1.0gcc__s3__b6,test
2091,2000K_1.0gcc,3,2000K_1.0gcc__s3__b7,pool
2092,2000K_1.0gcc,3,2000K_1.0gcc__s3__b7,pool
2093,2000K_1.0gcc,3,2000K_1.0gcc__s3__b7,pool
2094,2000K_1.0gcc,3,2000K_1.0gcc__s3__b7,pool
2095,2000K_1.0gcc,3,2000K_1.0gcc__s3__b7,pool
2096,2000K_1.0gcc,3,2000K_1.0gcc__s3__b7,pool
2097,2000K_1.0gcc,3,2000K_1.0gcc__s3__b7,pool
2098,2000K_1.0gcc,3,2000K_1.0gcc__s3__b7,pool
2099,2000K_1.0gcc,3,2000K_1.0gcc__s3__b7,pool
2100,2000K_1.0gcc,3,2000K_1.0gcc__s3__b7,pool
2101,2000K_1.0gcc,3,2000K_1.0gcc__s3__b8,test
2102,2000K_1.0gcc,3,2000K_1.0gcc__s3__b8,test
2103,2000K_1.0gcc,3,2000K_1.0gcc__s3__b8,test
2104,2000K_1.0gcc,3,2000K_1.0gcc__s3__b8,test
2105,2000K_1.0gcc,3,2000K_1.0gcc__s3__b8,test
2106,2000K_1.0gcc,3,2000K_1.0gcc__s3__b8,test
2107,2000K_1.0gcc,3,2000K_1.0gcc__s3__b8,test
2108,2000K_1.0gcc,3,2000K_1.0gcc__s3__b8,test
2109,2000K_1.0gcc,3,2000K_1.0gcc__s3__b8,test
2110,2000K_1.0gcc,3,2000K_1.0gcc__s3__b8,test
2111,2000K_1.0gcc,3,2000K_1.0gcc__s3__b9,pool
2112,2000K_1.0gcc,3,2000K_1.0gcc__s3__b9,pool
2113,2000K_1.0gcc,3,2000K_1.0gcc__s3__b9,pool
2114,2000K_1.0gcc,3,2000K_1.0gcc__s3__b9,pool
2115,2000K_1.0gcc,3,2000K_1.0gcc__s3__b9,pool
2116,2000K_1.0gcc,3,2000K_1.0gcc__s3__b9,pool
2117,2000K_1.0gcc,3,2000K_1.0gcc__s3__b9,pool
2118,2000K_1.0gcc,3,2000K_1.0gcc__s3__b9,pool
2119,2000K_1.0gcc,3,2000K_1.0gcc__s3__b9,pool
2120,2000K_1.0gcc,3,2000K_1.0gcc__s3__b9,pool
2122,300K_1.0gcc,1,300K_1.0gcc__s1__b0,pool
2123,300K_1.0gcc,1,300K_1.0gcc__s1__b0,pool
2124,300K_1.0gcc,1,300K_1.0gcc__s1__b0,pool
2125,300K_1.0gcc,1,300K_1.0gcc__s1__b0,pool
2126,300K_1.0gcc,1,300K_1.0gcc__s1__b0,pool
2127,300K_1.0gcc,1,300K_1.0gcc__s1__b0,pool
2128,300K_1.0gcc,1,300K_1.0gcc__s1__b0,pool
2129,300K_1.0gcc,1,300K_1.0gcc__s1__b0,pool
2130,300K_1.0gcc,1,300K_1.0gcc__s1__b0,pool
2131,300K_1.0gcc,1,300K_1.0gcc__s1__b0,pool
2132,300K_1.0gcc,1,300K_1.0gcc__s1__b1,test
2133,300K_1.0gcc,1,300K_1.0gcc__s1__b1,test
2134,300K_1.0gcc,1,300K_1.0gcc__s1__b1,test
2135,300K_1.0gcc,1,300K_1.0gcc__s1__b1,test
2136,300K_1.0gcc,1,300K_1.0gcc__s1__b1,test
2137,300K_1.0gcc,1,300K_1.0gcc__s1__b1,test
2138,300K_1.0gcc,1,300K_1.0gcc__s1__b1,test
2139,300K_1.0gcc,1,300K_1.0gcc__s1__b1,test
2140,300K_1.0gcc,1,300K_1.0gcc__s1__b1,test
2141,300K_1.0gcc,1,300K_1.0gcc__s1__b1,test
2142,300K_1.0gcc,1,300K_1.0gcc__s1__b2,pool
2143,300K_1.0gcc,1,300K_1.0gcc__s1__b2,pool
2144,300K_1.0gcc,1,300K_1.0gcc__s1__b2,pool
2145,300K_1.0gcc,1,300K_1.0gcc__s1__b2,pool
2146,300K_1.0gcc,1,300K_1.0gcc__s1__b2,pool
2147,300K_1.0gcc,1,300K_1.0gcc__s1__b2,pool
2148,300K_1.0gcc,1,300K_1.0gcc__s1__b2,pool
2149,300K_1.0gcc,1,300K_1.0gcc__s1__b2,pool
2150,300K_1.0gcc,1,300K_1.0gcc__s1__b2,pool
2151,300K_1.0gcc,1,300K_1.0gcc__s1__b2,pool
2152,300K_1.0gcc,1,300K_1.0gcc__s1__b3,pool
2153,300K_1.0gcc,1,300K_1.0gcc__s1__b3,pool
2154,300K_1.0gcc,1,300K_1.0gcc__s1__b3,pool
2155,300K_1.0gcc,1,300K_1.0gcc__s1__b3,pool
2156,300K_1.0gcc,1,300K_1.0gcc__s1__b3,pool
2157,300K_1.0gcc,1,300K_1.0gcc__s1__b3,pool
2158,300K_1.0gcc,1,300K_1.0gcc__s1__b3,pool
2159,300K_1.0gcc,1,300K_1.0gcc__s1__b3,pool
2160,300K_1.0gcc,1,300K_1.0gcc__s1__b3,pool
2161,300K_1.0gcc,1,300K_1.0gcc__s1__b3,pool
2162,300K_1.0gcc,1,300K_1.0gcc__s1__b4,pool
2163,300K_1.0gcc,1,300K_1.0gcc__s1__b4,pool
2164,300K_1.0gcc,1,300K_1.0gcc__s1__b4,pool
2165,300K_1.0gcc,1,300K_1.0gcc__s1__b4,pool
2166,300K_1.0gcc,1,300K_1.0gcc__s1__b4,pool
2167,300K_1.0gcc,1,300K_1.0gcc__s1__b4,pool
2168,300K_1.0gcc,1,300K_1.0gcc__s1__b4,pool
2169,300K_1.0gcc,1,300K_1.0gcc__s1__b4,pool
2170,300K_1.0gcc,1,300K_1.0gcc__s1__b4,pool
2171,300K_1.0gcc,1,300K_1.0gcc__s1__b4,pool
2172,300K_1.0gcc,1,300K_1.0gcc__s1__b5,test
2173,300K_1.0gcc,1,300K_1.0gcc__s1__b5,test
2174,300K_1.0gcc,1,300K_1.0gcc__s1__b5,test
2175,300K_1.0gcc,1,300K_1.0gcc__s1__b5,test
2176,300K_1.0gcc,1,300K_1.0gcc__s1__b5,test
2177,300K_1.0gcc,1,300K_1.0gcc__s1__b5,test
2178,300K_1.0gcc,1,300K_1.0gcc__s1__b5,test
2179,300K_1.0gcc,1,300K_1.0gcc__s1__b5,test
2180,300K_1.0gcc,1,300K_1.0gcc__s1__b5,test
2181,300K_1.0gcc,1,300K_1.0gcc__s1__b5,test
2182,300K_1.0gcc,1,300K_1.0gcc__s1__b6,pool
2183,300K_1.0gcc,1,300K_1.0gcc__s1__b6,pool
2184,300K_1.0gcc,1,300K_1.0gcc__s1__b6,pool
2185,300K_1.0gcc,1,300K_1.0gcc__s1__b6,pool
2186,300K_1.0gcc,1,300K_1.0gcc__s1__b6,pool
2187,300K_1.0gcc,1,300K_1.0gcc__s1__b6,pool
2188,300K_1.0gcc,1,300K_1.0gcc__s1__b6,pool
2189,300K_1.0gcc,1,300K_1.0gcc__s1__b6,pool
2190,300K_1.0gcc,1,300K_1.0gcc__s1__b6,pool
2191,300K_1.0gcc,1,300K_1.0gcc__s1__b6,pool
2192,300K_1.0gcc,1,300K_1.0gcc__s1__b7,test
2193,300K_1.0gcc,1,300K_1.0gcc__s1__b7,test
2194,300K_1.0gcc,1,300K_1.0gcc__s1__b7,test
2195,300K_1.0gcc,1,300K_1.0gcc__s1__b7,test
2196,300K_1.0gcc,1,300K_1.0gcc__s1__b7,test
2197,300K_1.0gcc,1,300K_1.0gcc__s1__b7,test
2198,300K_1.0gcc,1,300K_1.0gcc__s1__b7,test
2199,300K_1.0gcc,1,300K_1.0gcc__s1__b7,test
2200,300K_1.0gcc,1,300K_1.0gcc__s1__b7,test
2201,300K_1.0gcc,1,300K_1.0gcc__s1__b7,test
2202,300K_1.0gcc,1,300K_1.0gcc__s1__b8,pool
2203,300K_1.0gcc,1,300K_1.0gcc__s1__b8,pool
2204,300K_1.0gcc,1,300K_1.0gcc__s1__b8,pool
2205,300K_1.0gcc,1,300K_1.0gcc__s1__b8,pool
2206,300K_1.0gcc,1,300K_1.0gcc__s1__b8,pool
2207,300K_1.0gcc,1,300K_1.0gcc__s1__b8,pool
2208,300K_1.0gcc,1,300K_1.0gcc__s1__b8,pool
2209,300K_1.0gcc,1,300K_1.0gcc__s1__b8,pool
2210,300K_1.0gcc,1,300K_1.0gcc__s1__b8,pool
2211,300K_1.0gcc,1,300K_1.0gcc__s1__b8,pool
2212,300K_1.0gcc,1,300K_1.0gcc__s1__b9,pool
2213,300K_1.0gcc,1,300K_1.0gcc__s1__b9,pool
2214,300K_1.0gcc,1,300K_1.0gcc__s1__b9,pool
2215,300K_1.0gcc,1,300K_1.0gcc__s1__b9,pool
2216,300K_1.0gcc,1,300K_1.0gcc__s1__b9,pool
2217,300K_1.0gcc,1,300K_1.0gcc__s1__b9,pool
2218,300K_1.0gcc,1,300K_1.0gcc__s1__b9,pool
2219,300K_1.0gcc,1,300K_1.0gcc__s1__b9,pool
2220,300K_1.0gcc,1,300K_1.0gcc__s1__b9,pool
2221,300K_1.0gcc,1,300K_1.0gcc__s1__b9,pool
2223,300K_1.0gcc,2,300K_1.0gcc__s2__b0,test
2224,300K_1.0gcc,2,300K_1.0gcc__s2__b0,test
2225,300K_1.0gcc,2,300K_1.0gcc__s2__b0,test
2226,300K_1.0gcc,2,300K_1.0gcc__s2__b0,test
2227,300K_1.0gcc,2,300K_1.0gcc__s2__b0,test
2228,300K_1.0gcc,2,300K_1.0gcc__s2__b0,test
2229,300K_1.0gcc,2,300K_1.0gcc__s2__b0,test
2230,300K_1.0gcc,2,300K_1.0gcc__s2__b0,test
2231,300K_1.0gcc,2,300K_1.0gcc__s2__b0,test
2232,300K_1.0gcc,2,300K_1.0gcc__s2__b0,test
2233,300K_1.0gcc,2,300K_1.0gcc__s2__b1,pool
2234,300K_1.0gcc,2,300K_1.0gcc__s2__b1,pool
2235,300K_1.0gcc,2,300K_1.0gcc__s2__b1,pool
2236,300K_1.0gcc,2,300K_1.0gcc__s2__b1,pool
2237,300K_1.0gcc,2,300K_1.0gcc__s2__b1,pool
2238,300K_1.0gcc,2,300K_1.0gcc__s2__b1,pool
2239,300K_1.0gcc,2,300K_1.0gcc__s2__b1,pool
2240,300K_1.0gcc,2,300K_1.0gcc__s2__b1,pool
2241,300K_1.0gcc,2,300K_1.0gcc__s2__b1,pool
2242,300K_1.0gcc,2,300K_1.0gcc__s2__b1,pool
2243,300K_1.0gcc,2,300K_1.0gcc__s2__b2,test
2244,300K_1.0gcc,2,300K_1.0gcc__s2__b2,test
2245,300K_1.0gcc,2,300K_1.0gcc__s2__b2,test
2246,300K_1.0gcc,2,300K_1.0gcc__s2__b2,test
2247,300K_1.0gcc,2,300K_1.0gcc__s2__b2,test
2248,300K_1.0gcc,2,300K_1.0gcc__s2__b2,test
2249,300K_1.0gcc,2,300K_1.0gcc__s2__b2,test
2250,300K_1.0gcc,2,300K_1.0gcc__s2__b2,test
2251,300K_1.0gcc,2,300K_1.0gcc__s2__b2,test
2252,300K_1.0gcc,2,300K_1.0gcc__s2__b2,test
2253,300K_1.0gcc,2,300K_1.0gcc__s2__b3,pool
2254,300K_1.0gcc,2,300K_1.0gcc__s2__b3,pool
2255,300K_1.0gcc,2,300K_1.0gcc__s2__b3,pool
2256,300K_1.0gcc,2,300K_1.0gcc__s2__b3,pool
2257,300K_1.0gcc,2,300K_1.0gcc__s2__b3,pool
2258,300K_1.0gcc,2,300K_1.0gcc__s2__b3,pool
2259,300K_1.0gcc,2,300K_1.0gcc__s2__b3,pool
2260,300K_1.0gcc,2,300K_1.0gcc__s2__b3,pool
2261,300K_1.0gcc,2,300K_1.0gcc__s2__b3,pool
2262,300K_1.0gcc,2,300K_1.0gcc__s2__b3,pool
2263,300K_1.0gcc,2,300K_1.0gcc__s2__b4,test
2264,300K_1.0gcc,2,300K_1.0gcc__s2__b4,test
2265,300K_1.0gcc,2,300K_1.0gcc__s2__b4,test
2266,300K_1.0gcc,2,300K_1.0gcc__s2__b4,test
2267,300K_1.0gcc,2,300K_1.0gcc__s2__b4,test
2268,300K_1.0gcc,2,300K_1.0gcc__s2__b4,test
2269,300K_1.0gcc,2,300K_1.0gcc__s2__b4,test
2270,300K_1.0gcc,2,300K_1.0gcc__s2__b4,test
2271,300K_1.0gcc,2,300K_1.0gcc__s2__b4,test
2272,300K_1.0gcc,2,300K_1.0gcc__s2__b4,test
2273,300K_1.0gcc,2,300K_1.0gcc__s2__b5,pool
2274,300K_1.0gcc,2,300K_1.0gcc__s2__b5,pool
2275,300K_1.0gcc,2,300K_1.0gcc__s2__b5,pool
2276,300K_1.0gcc,2,300K_1.0gcc__s2__b5,pool
2277,300K_1.0gcc,2,300K_1.0gcc__s2__b5,pool
2278,300K_1.0gcc,2,300K_1.0gcc__s2__b5,pool
2279,300K_1.0gcc,2,300K_1.0gcc__s2__b5,pool
2280,300K_1.0gcc,2,300K_1.0gcc__s2__b5,pool
2281,300K_1.0gcc,2,300K_1.0gcc__s2__b5,pool
2282,300K_1.0gcc,2,300K_1.0gcc__s2__b5,pool
2283,300K_1.0gcc,2,300K_1.0gcc__s2__b6,test
2284,300K_1.0gcc,2,300K_1.0gcc__s2__b6,test
2285,300K_1.0gcc,2,300K_1.0gcc__s2__b6,test
2286,300K_1.0gcc,2,300K_1.0gcc__s2__b6,test
2287,300K_1.0gcc,2,300K_1.0gcc__s2__b6,test
2288,300K_1.0gcc,2,300K_1.0gcc__s2__b6,test
2289,300K_1.0gcc,2,300K_1.0gcc__s2__b6,test
2290,300K_1.0gcc,2,300K_1.0gcc__s2__b6,test
2291,300K_1.0gcc,2,300K_1.0gcc__s2__b6,test
2292,300K_1.0gcc,2,300K_1.0gcc__s2__b6,test
2293,300K_1.0gcc,2,300K_1.0gcc__s2__b7,pool
2294,300K_1.0gcc,2,300K_1.0gcc__s2__b7,pool
2295,300K_1.0gcc,2,300K_1.0gcc__s2__b7,pool
2296,300K_1.0gcc,2,300K_1.0gcc__s2__b7,pool
2297,300K_1.0gcc,2,300K_1.0gcc__s2__b7,pool
2298,300K_1.0gcc,2,300K_1.0gcc__s2__b7,pool
2299,300K_1.0gcc,2,300K_1.0gcc__s2__b7,pool
2300,300K_1.0gcc,2,300K_1.0gcc__s2__b7,pool
2301,300K_1.0gcc,2,300K_1.0gcc__s2__b7,pool
2302,300K_1.0gcc,2,300K_1.0gcc__s2__b7,pool
2303,300K_1.0gcc,2,300K_1.0gcc__s2__b8,pool
2304,300K_1.0gcc,2,300K_1.0gcc__s2__b8,pool
2305,300K_1.0gcc,2,300K_1.0gcc__s2__b8,pool
2306,300K_1.0gcc,2,300K_1.0gcc__s2__b8,pool
2307,300K_1.0gcc,2,300K_1.0gcc__s2__b8,pool
2308,300K_1.0gcc,2,300K_1.0gcc__s2__b8,pool
2309,300K_1.0gcc,2,300K_1.0gcc__s2__b8,pool
2310,300K_1.0gcc,2,300K_1.0gcc__s2__b8,pool
2311,300K_1.0gcc,2,300K_1.0gcc__s2__b8,pool
2312,300K_1.0gcc,2,300K_1.0gcc__s2__b8,pool
2313,300K_1.0gcc,2,300K_1.0gcc__s2__b9,pool
2314,300K_1.0gcc,2,300K_1.0gcc__s2__b9,pool
2315,300K_1.0gcc,2,300K_1.0gcc__s2__b9,pool
2316,300K_1.0gcc,2,300K_1.0gcc__s2__b9,pool
2317,300K_1.0gcc,2,300K_1.0gcc__s2__b9,pool
2318,300K_1.0gcc,2,300K_1.0gcc__s2__b9,pool
2319,300K_1.0gcc,2,300K_1.0gcc__s2__b9,pool
2320,300K_1.0gcc,2,300K_1.0gcc__s2__b9,pool
2321,300K_1.0gcc,2,300K_1.0gcc__s2__b9,pool
2322,300K_1.0gcc,2,300K_1.0gcc__s2__b9,pool
2324,300K_1.0gcc,3,300K_1.0gcc__s3__b0,pool
2325,300K_1.0gcc,3,300K_1.0gcc__s3__b0,pool
2326,300K_1.0gcc,3,300K_1.0gcc__s3__b0,pool
2327,300K_1.0gcc,3,300K_1.0gcc__s3__b0,pool
2328,300K_1.0gcc,3,300K_1.0gcc__s3__b0,pool
2329,300K_1.0gcc,3,300K_1.0gcc__s3__b0,pool
2330,300K_1.0gcc,3,300K_1.0gcc__s3__b0,pool
2331,300K_1.0gcc,3,300K_1.0gcc__s3__b0,pool
2332,300K_1.0gcc,3,300K_1.0gcc__s3__b0,pool
2333,300K_1.0gcc,3,300K_1.0gcc__s3__b0,pool
2334,300K_1.0gcc,3,300K_1.0gcc__s3__b1,pool
2335,300K_1.0gcc,3,300K_1.0gcc__s3__b1,pool
2336,300K_1.0gcc,3,300K_1.0gcc__s3__b1,pool
2337,300K_1.0gcc,3,300K_1.0gcc__s3__b1,pool
2338,300K_1.0gcc,3,300K_1.0gcc__s3__b1,pool
2339,300K_1.0gcc,3,300K_1.0gcc__s3__b1,pool
2340,300K_1.0gcc,3,300K_1.0gcc__s3__b1,pool
2341,300K_1.0gcc,3,300K_1.0gcc__s3__b1,pool
2342,300K_1.0gcc,3,300K_1.0gcc__s3__b1,pool
2343,300K_1.0gcc,3,300K_1.0gcc__s3__b1,pool
2344,300K_1.0gcc,3,300K_1.0gcc__s3__b2,pool
2345,300K_1.0gcc,3,300K_1.0gcc__s3__b2,pool
2346,300K_1.0gcc,3,300K_1.0gcc__s3__b2,pool
2347,300K_1.0gcc,3,300K_1.0gcc__s3__b2,pool
2348,300K_1.0gcc,3,300K_1.0gcc__s3__b2,pool
2349,300K_1.0gcc,3,300K_1.0gcc__s3__b2,pool
2350,300K_1.0gcc,3,300K_1.0gcc__s3__b2,pool
2351,300K_1.0gcc,3,300K_1.0gcc__s3__b2,pool
2352,300K_1.0gcc,3,300K_1.0gcc__s3__b2,pool
2353,300K_1.0gcc,3,300K_1.0gcc__s3__b2,pool
2354,300K_1.0gcc,3,300K_1.0gcc__s3__b3,test
2355,300K_1.0gcc,3,300K_1.0gcc__s3__b3,test
2356,300K_1.0gcc,3,300K_1.0gcc__s3__b3,test
2357,300K_1.0gcc,3,300K_1.0gcc__s3__b3,test
2358,300K_1.0gcc,3,300K_1.0gcc__s3__b3,test
2359,300K_1.0gcc,3,300K_1.0gcc__s3__b3,test
2360,300K_1.0gcc,3,300K_1.0gcc__s3__b3,test
2361,300K_1.0gcc,3,300K_1.0gcc__s3__b3,test
2362,300K_1.0gcc,3,300K_1.0gcc__s3__b3,test
2363,300K_1.0gcc,3,300K_1.0gcc__s3__b3,test
2364,300K_1.0gcc,3,300K_1.0gcc__s3__b4,pool
2365,300K_1.0gcc,3,300K_1.0gcc__s3__b4,pool
2366,300K_1.0gcc,3,300K_1.0gcc__s3__b4,pool
2367,300K_1.0gcc,3,300K_1.0gcc__s3__b4,pool
2368,300K_1.0gcc,3,300K_1.0gcc__s3__b4,pool
2369,300K_1.0gcc,3,300K_1.0gcc__s3__b4,pool
2370,300K_1.0gcc,3,300K_1.0gcc__s3__b4,pool
2371,300K_1.0gcc,3,300K_1.0gcc__s3__b4,pool
2372,300K_1.0gcc,3,300K_1.0gcc__s3__b4,pool
2373,300K_1.0gcc,3,300K_1.0gcc__s3__b4,pool
2374,300K_1.0gcc,3,300K_1.0gcc__s3__b5,pool
2375,300K_1.0gcc,3,300K_1.0gcc__s3__b5,pool
2376,300K_1.0gcc,3,300K_1.0gcc__s3__b5,pool
2377,300K_1.0gcc,3,300K_1.0gcc__s3__b5,pool
2378,300K_1.0gcc,3,300K_1.0gcc__s3__b5,pool
2379,300K_1.0gcc,3,300K_1.0gcc__s3__b5,pool
2380,300K_1.0gcc,3,300K_1.0gcc__s3__b5,pool
2381,300K_1.0gcc,3,300K_1.0gcc__s3__b5,pool
2382,300K_1.0gcc,3,300K_1.0gcc__s3__b5,pool
2383,300K_1.0gcc,3,300K_1.0gcc__s3__b5,pool
2384,300K_1.0gcc,3,300K_1.0gcc__s3__b6,test
2385,300K_1.0gcc,3,300K_1.0gcc__s3__b6,test
2386,300K_1.0gcc,3,300K_1.0gcc__s3__b6,test
2387,300K_1.0gcc,3,300K_1.0gcc__s3__b6,test
2388,300K_1.0gcc,3,300K_1.0gcc__s3__b6,test
2389,300K_1.0gcc,3,300K_1.0gcc__s3__b6,test
2390,300K_1.0gcc,3,300K_1.0gcc__s3__b6,test
2391,300K_1.0gcc,3,300K_1.0gcc__s3__b6,test
2392,300K_1.0gcc,3,300K_1.0gcc__s3__b6,test
2393,300K_1.0gcc,3,300K_1.0gcc__s3__b6,test
2394,300K_1.0gcc,3,300K_1.0gcc__s3__b7,pool
2395,300K_1.0gcc,3,300K_1.0gcc__s3__b7,pool
2396,300K_1.0gcc,3,300K_1.0gcc__s3__b7,pool
2397,300K_1.0gcc,3,300K_1.0gcc__s3__b7,pool
2398,300K_1.0gcc,3,300K_1.0gcc__s3__b7,pool
2399,300K_1.0gcc,3,300K_1.0gcc__s3__b7,pool
2400,300K_1.0gcc,3,300K_1.0gcc__s3__b7,pool
2401,300K_1.0gcc,3,300K_1.0gcc__s3__b7,pool
2402,300K_1.0gcc,3,300K_1.0gcc__s3__b7,pool
2403,300K_1.0gcc,3,300K_1.0gcc__s3__b7,pool
2404,300K_1.0gcc,3,300K_1.0gcc__s3__b8,pool
2405,300K_1.0gcc,3,300K_1.0gcc__s3__b8,pool
2406,300K_1.0gcc,3,300K_1.0gcc__s3__b8,pool
2407,300K_1.0gcc,3,300K_1.0gcc__s3__b8,pool
2408,300K_1.0gcc,3,300K_1.0gcc__s3__b8,pool
2409,300K_1.0gcc,3,300K_1.0gcc__s3__b8,pool
2410,300K_1.0gcc,3,300K_1.0gcc__s3__b8,pool
2411,300K_1.0gcc,3,300K_1.0gcc__s3__b8,pool
2412,300K_1.0gcc,3,300K_1.0gcc__s3__b8,pool
2413,300K_1.0gcc,3,300K_1.0gcc__s3__b8,pool
2414,300K_1.0gcc,3,300K_1.0gcc__s3__b9,test
2415,300K_1.0gcc,3,300K_1.0gcc__s3__b9,test
2416,300K_1.0gcc,3,300K_1.0gcc__s3__b9,test
2417,300K_1.0gcc,3,300K_1.0gcc__s3__b9,test
2418,300K_1.0gcc,3,300K_1.0gcc__s3__b9,test
2419,300K_1.0gcc,3,300K_1.0gcc__s3__b9,test
2420,300K_1.0gcc,3,300K_1.0gcc__s3__b9,test
2421,300K_1.0gcc,3,300K_1.0gcc__s3__b9,test
2422,300K_1.0gcc,3,300K_1.0gcc__s3__b9,test
2423,300K_1.0gcc,3,300K_1.0gcc__s3__b9,test
2425,5000K_2.0gcc,1,5000K_2.0gcc__s1__b0,test
2426,5000K_2.0gcc,1,5000K_2.0gcc__s1__b0,test
2427,5000K_2.0gcc,1,5000K_2.0gcc__s1__b0,test
2428,5000K_2.0gcc,1,5000K_2.0gcc__s1__b0,test
2429,5000K_2.0gcc,1,5000K_2.0gcc__s1__b0,test
2430,5000K_2.0gcc,1,5000K_2.0gcc__s1__b0,test
2431,5000K_2.0gcc,1,5000K_2.0gcc__s1__b0,test
2432,5000K_2.0gcc,1,5000K_2.0gcc__s1__b0,test
2433,5000K_2.0gcc,1,5000K_2.0gcc__s1__b0,test
2434,5000K_2.0gcc,1,5000K_2.0gcc__s1__b0,test
2435,5000K_2.0gcc,1,5000K_2.0gcc__s1__b1,pool
2436,5000K_2.0gcc,1,5000K_2.0gcc__s1__b1,pool
2437,5000K_2.0gcc,1,5000K_2.0gcc__s1__b1,pool
2438,5000K_2.0gcc,1,5000K_2.0gcc__s1__b1,pool
2439,5000K_2.0gcc,1,5000K_2.0gcc__s1__b1,pool
2440,5000K_2.0gcc,1,5000K_2.0gcc__s1__b1,pool
2441,5000K_2.0gcc,1,5000K_2.0gcc__s1__b1,pool
2442,5000K_2.0gcc,1,5000K_2.0gcc__s1__b1,pool
2443,5000K_2.0gcc,1,5000K_2.0gcc__s1__b1,pool
2444,5000K_2.0gcc,1,5000K_2.0gcc__s1__b1,pool
2445,5000K_2.0gcc,1,5000K_2.0gcc__s1__b2,pool
2446,5000K_2.0gcc,1,5000K_2.0gcc__s1__b2,pool
2447,5000K_2.0gcc,1,5000K_2.0gcc__s1__b2,pool
2448,5000K_2.0gcc,1,5000K_2.0gcc__s1__b2,pool
2449,5000K_2.0gcc,1,5000K_2.0gcc__s1__b2,pool
2450,5000K_2.0gcc,1,5000K_2.0gcc__s1__b2,pool
2451,5000K_2.0gcc,1,5000K_2.0gcc__s1__b2,pool
2452,5000K_2.0gcc,1,5000K_2.0gcc__s1__b2,pool
2453,5000K_2.0gcc,1,5000K_2.0gcc__s1__b2,pool
2454,5000K_2.0gcc,1,5000K_2.0gcc__s1__b2,pool
2455,5000K_2.0gcc,1,5000K_2.0gcc__s1__b3,pool
2456,5000K_2.0gcc,1,5000K_2.0gcc__s1__b3,pool
2457,5000K_2.0gcc,1,5000K_2.0gcc__s1__b3,pool
2458,5000K_2.0gcc,1,5000K_2.0gcc__s1__b3,pool
2459,5000K_2.0gcc,1,5000K_2.0gcc__s1__b3,pool
2460,5000K_2.0gcc,1,5000K_2.0gcc__s1__b3,pool
2461,5000K_2.0gcc,1,5000K_2.0gcc__s1__b3,pool
2462,5000K_2.0gcc,1,5000K_2.0gcc__s1__b3,pool
2463,5000K_2.0gcc,1,5000K_2.0gcc__s1__b3,pool
2464,5000K_2.0gcc,1,5000K_2.0gcc__s1__b3,pool
2465,5000K_2.0gcc,1,5000K_2.0gcc__s1__b4,pool
2466,5000K_2.0gcc,1,5000K_2.0gcc__s1__b4,pool
2467,5000K_2.0gcc,1,5000K_2.0gcc__s1__b4,pool
2468,5000K_2.0gcc,1,5000K_2.0gcc__s1__b4,pool
2469,5000K_2.0gcc,1,5000K_2.0gcc__s1__b4,pool
2470,5000K_2.0gcc,1,5000K_2.0gcc__s1__b4,pool
2471,5000K_2.0gcc,1,5000K_2.0gcc__s1__b4,pool
2472,5000K_2.0gcc,1,5000K_2.0gcc__s1__b4,pool
2473,5000K_2.0gcc,1,5000K_2.0gcc__s1__b4,pool
2474,5000K_2.0gcc,1,5000K_2.0gcc__s1__b4,pool
2475,5000K_2.0gcc,1,5000K_2.0gcc__s1__b5,test
2476,5000K_2.0gcc,1,5000K_2.0gcc__s1__b5,test
2477,5000K_2.0gcc,1,5000K_2.0gcc__s1__b5,test
2478,5000K_2.0gcc,1,5000K_2.0gcc__s1__b5,test
2479,5000K_2.0gcc,1,5000K_2.0gcc__s1__b5,test
2480,5000K_2.0gcc,1,5000K_2.0gcc__s1__b5,test
2481,5000K_2.0gcc,1,5000K_2.0gcc__s1__b5,test
2482,5000K_2.0gcc,1,5000K_2.0gcc__s1__b5,test
2483,5000K_2.0gcc,1,5000K_2.0gcc__s1__b5,test
2484,5000K_2.0gcc,1,5000K_2.0gcc__s1__b5,test
2485,5000K_2.0gcc,1,5000K_2.0gcc__s1__b6,test
2486,5000K_2.0gcc,1,5000K_2.0gcc__s1__b6,test
2487,5000K_2.0gcc,1,5000K_2.0gcc__s1__b6,test
2488,5000K_2.0gcc,1,5000K_2.0gcc__s1__b6,test
2489,5000K_2.0gcc,1,5000K_2.0gcc__s1__b6,test
2490,5000K_2.0gcc,1,5000K_2.0gcc__s1__b6,test
2491,5000K_2.0gcc,1,5000K_2.0gcc__s1__b6,test
2492,5000K_2.0gcc,1,5000K_2.0gcc__s1__b6,test
2493,5000K_2.0gcc,1,5000K_2.0gcc__s1__b6,test
2494,5000K_2.0gcc,1,5000K_2.0gcc__s1__b6,test
2495,5000K_2.0gcc,1,5000K_2.0gcc__s1__b7,pool
2496,5000K_2.0gcc,1,5000K_2.0gcc__s1__b7,pool
2497,5000K_2.0gcc,1,5000K_2.0gcc__s1__b7,pool
2498,5000K_2.0gcc,1,5000K_2.0gcc__s1__b7,pool
2499,5000K_2.0gcc,1,5000K_2.0gcc__s1__b7,pool
2500,5000K_2.0gcc,1,5000K_2.0gcc__s1__b7,pool
2501,5000K_2.0gcc,1,5000K_2.0gcc__s1__b7,pool
2502,5000K_2.0gcc,1,5000K_2.0gcc__s1__b7,pool
2503,5000K_2.0gcc,1,5000K_2.0gcc__s1__b7,pool
2504,5000K_2.0gcc,1,5000K_2.0gcc__s1__b7,pool
2505,5000K_2.0gcc,1,5000K_2.0gcc__s1__b8,pool
2506,5000K_2.0gcc,1,5000K_2.0gcc__s1__b8,pool
2507,5000K_2.0gcc,1,5000K_2.0gcc__s1__b8,pool
2508,5000K_2.0gcc,1,5000K_2.0gcc__s1__b8,pool
2509,5000K_2.0gcc,1,5000K_2.0gcc__s1__b8,pool
2510,5000K_2.0gcc,1,5000K_2.0gcc__s1__b8,pool
2511,5000K_2.0gcc,1,5000K_2.0gcc__s1__b8,pool
2512,5000K_2.0gcc,1,5000K_2.0gcc__s1__b8,pool
2513,5000K_2.0gcc,1,5000K_2.0gcc__s1__b8,pool
2514,5000K_2.0gcc,1,5000K_2.0gcc__s1__b8,pool
2515,5000K_2.0gcc,1,5000K_2.0gcc__s1__b9,pool
2516,5000K_2.0gcc,1,5000K_2.0gcc__s1__b9,pool
2517,5000K_2.0gcc,1,5000K_2.0gcc__s1__b9,pool
2518,5000K_2.0gcc,1,5000K_2.0gcc__s1__b9,pool
2519,5000K_2.0gcc,1,5000K_2.0gcc__s1__b9,pool
2520,5000K_2.0gcc,1,5000K_2.0gcc__s1__b9,pool
2521,5000K_2.0gcc,1,5000K_2.0gcc__s1__b9,pool
2522,5000K_2.0gcc,1,5000K_2.0gcc__s1__b9,pool
2523,5000K_2.0gcc,1,5000K_2.0gcc__s1__b9,pool
2524,5000K_2.0gcc,1,5000K_2.0gcc__s1__b9,pool
2526,5000K_2.0gcc,2,5000K_2.0gcc__s2__b0,pool
2527,5000K_2.0gcc,2,5000K_2.0gcc__s2__b0,pool
2528,5000K_2.0gcc,2,5000K_2.0gcc__s2__b0,pool
2529,5000K_2.0gcc,2,5000K_2.0gcc__s2__b0,pool
2530,5000K_2.0gcc,2,5000K_2.0gcc__s2__b0,pool
2531,5000K_2.0gcc,2,5000K_2.0gcc__s2__b0,pool
2532,5000K_2.0gcc,2,5000K_2.0gcc__s2__b0,pool
2533,5000K_2.0gcc,2,5000K_2.0gcc__s2__b0,pool
2534,5000K_2.0gcc,2,5000K_2.0gcc__s2__b0,pool
2535,5000K_2.0gcc,2,5000K_2.0gcc__s2__b0,pool
2536,5000K_2.0gcc,2,5000K_2.0gcc__s2__b1,test
2537,5000K_2.0gcc,2,5000K_2.0gcc__s2__b1,test
2538,5000K_2.0gcc,2,5000K_2.0gcc__s2__b1,test
2539,5000K_2.0gcc,2,5000K_2.0gcc__s2__b1,test
2540,5000K_2.0gcc,2,5000K_2.0gcc__s2__b1,test
2541,5000K_2.0gcc,2,5000K_2.0gcc__s2__b1,test
2542,5000K_2.0gcc,2,5000K_2.0gcc__s2__b1,test
2543,5000K_2.0gcc,2,5000K_2.0gcc__s2__b1,test
2544,5000K_2.0gcc,2,5000K_2.0gcc__s2__b1,test
2545,5000K_2.0gcc,2,5000K_2.0gcc__s2__b1,test
2546,5000K_2.0gcc,2,5000K_2.0gcc__s2__b2,test
2547,5000K_2.0gcc,2,5000K_2.0gcc__s2__b2,test
2548,5000K_2.0gcc,2,5000K_2.0gcc__s2__b2,test
2549,5000K_2.0gcc,2,5000K_2.0gcc__s2__b2,test
2550,5000K_2.0gcc,2,5000K_2.0gcc__s2__b2,test
2551,5000K_2.0gcc,2,5000K_2.0gcc__s2__b2,test
2552,5000K_2.0gcc,2,5000K_2.0gcc__s2__b2,test
2553,5000K_2.0gcc,2,5000K_2.0gcc__s2__b2,test
2554,5000K_2.0gcc,2,5000K_2.0gcc__s2__b2,test
2555,5000K_2.0gcc,2,5000K_2.0gcc__s2__b2,test
2556,5000K_2.0gcc,2,5000K_2.0gcc__s2__b3,pool
2557,5000K_2.0gcc,2,5000K_2.0gcc__s2__b3,pool
2558,5000K_2.0gcc,2,5000K_2.0gcc__s2__b3,pool
2559,5000K_2.0gcc,2,5000K_2.0gcc__s2__b3,pool
2560,5000K_2.0gcc,2,5000K_2.0gcc__s2__b3,pool
2561,5000K_2.0gcc,2,5000K_2.0gcc__s2__b3,pool
2562,5000K_2.0gcc,2,5000K_2.0gcc__s2__b3,pool
2563,5000K_2.0gcc,2,5000K_2.0gcc__s2__b3,pool
2564,5000K_2.0gcc,2,5000K_2.0gcc__s2__b3,pool
2565,5000K_2.0gcc,2,5000K_2.0gcc__s2__b3,pool
2566,5000K_2.0gcc,2,5000K_2.0gcc__s2__b4,pool
2567,5000K_2.0gcc,2,5000K_2.0gcc__s2__b4,pool
2568,5000K_2.0gcc,2,5000K_2.0gcc__s2__b4,pool
2569,5000K_2.0gcc,2,5000K_2.0gcc__s2__b4,pool
2570,5000K_2.0gcc,2,5000K_2.0gcc__s2__b4,pool
2571,5000K_2.0gcc,2,5000K_2.0gcc__s2__b4,pool
2572,5000K_2.0gcc,2,5000K_2.0gcc__s2__b4,pool
2573,5000K_2.0gcc,2,5000K_2.0gcc__s2__b4,pool
2574,5000K_2.0gcc,2,5000K_2.0gcc__s2__b4,pool
2575,5000K_2.0gcc,2,5000K_2.0gcc__s2__b4,pool
2576,5000K_2.0gcc,2,5000K_2.0gcc__s2__b5,test
2577,5000K_2.0gcc,2,5000K_2.0gcc__s2__b5,test
2578,5000K_2.0gcc,2,5000K_2.0gcc__s2__b5,test
2579,5000K_2.0gcc,2,5000K_2.0gcc__s2__b5,test
2580,5000K_2.0gcc,2,5000K_2.0gcc__s2__b5,test
2581,5000K_2.0gcc,2,5000K_2.0gcc__s2__b5,test
2582,5000K_2.0gcc,2,5000K_2.0gcc__s2__b5,test
2583,5000K_2.0gcc,2,5000K_2.0gcc__s2__b5,test
2584,5000K_2.0gcc,2,5000K_2.0gcc__s2__b5,test
2585,5000K_2.0gcc,2,5000K_2.0gcc__s2__b5,test
2586,5000K_2.0gcc,2,5000K_2.0gcc__s2__b6,pool
2587,5000K_2.0gcc,2,5000K_2.0gcc__s2__b6,pool
2588,5000K_2.0gcc,2,5000K_2.0gcc__s2__b6,pool
2589,5000K_2.0gcc,2,5000K_2.0gcc__s2__b6,pool
2590,5000K_2.0gcc,2,5000K_2.0gcc__s2__b6,pool
2591,5000K_2.0gcc,2,5000K_2.0gcc__s2__b6,pool
2592,5000K_2.0gcc,2,5000K_2.0gcc__s2__b6,pool
2593,5000K_2.0gcc,2,5000K_2.0gcc__s2__b6,pool
2594,5000K_2.0gcc,2,5000K_2.0gcc__s2__b6,pool
2595,5000K_2.0gcc,2,5000K_2.0gcc__s2__b6,pool
2596,5000K_2.0gcc,2,5000K_2.0gcc__s2__b7,pool
2597,5000K_2.0gcc,2,5000K_2.0gcc__s2__b7,pool
2598,5000K_2.0gcc,2,5000K_2.0gcc__s2__b7,pool
2599,5000K_2.0gcc,2,5000K_2.0gcc__s2__b7,pool
2600,5000K_2.0gcc,2,5000K_2.0gcc__s2__b7,pool
2601,5000K_2.0gcc,2,5000K_2.0gcc__s2__b7,pool
2602,5000K_2.0gcc,2,5000K_2.0gcc__s2__b7,pool
2603,5000K_2.0gcc,2,5000K_2.0gcc__s2__b7,pool
2604,5000K_2.0gcc,2,5000K_2.0gcc__s2__b7,pool
2605,5000K_2.0gcc,2,5000K_2.0gcc__s2__b7,pool
2606,5000K_2.0gcc,2,5000K_2.0gcc__s2__b8,pool
2607,5000K_2.0gcc,2,5000K_2.0gcc__s2__b8,pool
2608,5000K_2.0gcc,2,5000K_2.0gcc__s2__b8,pool
2609,5000K_2.0gcc,2,5000K_2.0gcc__s2__b8,pool
2610,5000K_2.0gcc,2,5000K_2.0gcc__s2__b8,pool
2611,5000K_2.0gcc,2,5000K_2.0gcc__s2__b8,pool
2612,5000K_2.0gcc,2,5000K_2.0gcc__s2__b8,pool
2613,5000K_2.0gcc,2,5000K_2.0gcc__s2__b8,pool
2614,5000K_2.0gcc,2,5000K_2.0gcc__s2__b8,pool
2615,5000K_2.0gcc,2,5000K_2.0gcc__s2__b8,pool
2616,5000K_2.0gcc,2,5000K_2.0gcc__s2__b9,test
2617,5000K_2.0gcc,2,5000K_2.0gcc__s2__b9,test
2618,5000K_2.0gcc,2,5000K_2.0gcc__s2__b9,test
2619,5000K_2.0gcc,2,5000K_2.0gcc__s2__b9,test
2620,5000K_2.0gcc,2,5000K_2.0gcc__s2__b9,test
2621,5000K_2.0gcc,2,5000K_2.0gcc__s2__b9,test
2622,5000K_2.0gcc,2,5000K_2.0gcc__s2__b9,test
2623,5000K_2.0gcc,2,5000K_2.0gcc__s2__b9,test
2624,5000K_2.0gcc,2,5000K_2.0gcc__s2__b9,test
2625,5000K_2.0gcc,2,5000K_2.0gcc__s2__b9,test
2627,5000K_2.0gcc,3,5000K_2.0gcc__s3__b0,test
2628,5000K_2.0gcc,3,5000K_2.0gcc__s3__b0,test
2629,5000K_2.0gcc,3,5000K_2.0gcc__s3__b0,test
2630,5000K_2.0gcc,3,5000K_2.0gcc__s3__b0,test
2631,5000K_2.0gcc,3,5000K_2.0gcc__s3__b0,test
2632,5000K_2.0gcc,3,5000K_2.0gcc__s3__b0,test
2633,5000K_2.0gcc,3,5000K_2.0gcc__s3__b0,test
2634,5000K_2.0gcc,3,5000K_2.0gcc__s3__b0,test
2635,5000K_2.0gcc,3,5000K_2.0gcc__s3__b0,test
2636,5000K_2.0gcc,3,5000K_2.0gcc__s3__b0,test
2637,5000K_2.0gcc,3,5000K_2.0gcc__s3__b1,pool
2638,5000K_2.0gcc,3,5000K_2.0gcc__s3__b1,pool
2639,5000K_2.0gcc,3,5000K_2.0gcc__s3__b1,pool
2640,5000K_2.0gcc,3,5000K_2.0gcc__s3__b1,pool
2641,5000K_2.0gcc,3,5000K_2.0gcc__s3__b1,pool
2642,5000K_2.0gcc,3,5000K_2.0gcc__s3__b1,pool
2643,5000K_2.0gcc,3,5000K_2.0gcc__s3__b1,pool
2644,5000K_2.0gcc,3,5000K_2.0gcc__s3__b1,pool
2645,5000K_2.0gcc,3,5000K_2.0gcc__s3__b1,pool
2646,5000K_2.0gcc,3,5000K_2.0gcc__s3__b1,pool
2647,5000K_2.0gcc,3,5000K_2.0gcc__s3__b2,pool
2648,5000K_2.0gcc,3,5000K_2.0gcc__s3__b2,pool
2649,5000K_2.0gcc,3,5000K_2.0gcc__s3__b2,pool
2650,5000K_2.0gcc,3,5000K_2.0gcc__s3__b2,pool
2651,5000K_2.0gcc,3,5000K_2.0gcc__s3__b2,pool
2652,5000K_2.0gcc,3,5000K_2.0gcc__s3__b2,pool
2653,5000K_2.0gcc,3,5000K_2.0gcc__s3__b2,pool
2654,5000K_2.0gcc,3,5000K_2.0gcc__s3__b2,pool
2655,5000K_2.0gcc,3,5000K_2.0gcc__s3__b2,pool
2656,5000K_2.0gcc,3,5000K_2.0gcc__s3__b2,pool
2657,5000K_2.0gcc,3,5000K_2.0gcc__s3__b3,test
2658,5000K_2.0gcc,3,5000K_2.0gcc__s3__b3,test
2659,5000K_2.0gcc,3,5000K_2.0gcc__s3__b3,test
2660,5000K_2.0gcc,3,5000K_2.0gcc__s3__b3,test
2661,5000K_2.0gcc,3,5000K_2.0gcc__s3__b3,test
2662,5000K_2.0gcc,3,5000K_2.0gcc__s3__b3,test
2663,5000K_2.0gcc,3,5000K_2.0gcc__s3__b3,test
2664,5000K_2.0gcc,3,5000K_2.0gcc__s3__b3,test
2665,5000K_2.0gcc,3,5000K_2.0gcc__s3__b3,test
2666,5000K_2.0gcc,3,5000K_2.0gcc__s3__b3,test
2667,5000K_2.0gcc,3,5000K_2.0gcc__s3__b4,pool
2668,5000K_2.0gcc,3,5000K_2.0gcc__s3__b4,pool
2669,5000K_2.0gcc,3,5000K_2.0gcc__s3__b4,pool
2670,5000K_2.0gcc,3,5000K_2.0gcc__s3__b4,pool
2671,5000K_2.0gcc,3,5000K_2.0gcc__s3__b4,pool
2672,5000K_2.0gcc,3,5000K_2.0gcc__s3__b4,pool
2673,5000K_2.0gcc,3,5000K_2.0gcc__s3__b4,pool
2674,5000K_2.0gcc,3,5000K_2.0gcc__s3__b4,pool
2675,5000K_2.0gcc,3,5000K_2.0gcc__s3__b4,pool
2676,5000K_2.0gcc,3,5000K_2.0gcc__s3__b4,pool
2677,5000K_2.0gcc,3,5000K_2.0gcc__s3__b5,test
2678,5000K_2.0gcc,3,5000K_2.0gcc__s3__b5,test
2679,5000K_2.0gcc,3,5000K_2.0gcc__s3__b5,test
2680,5000K_2.0gcc,3,5000K_2.0gcc__s3__b5,test
2681,5000K_2.0gcc,3,5000K_2.0gcc__s3__b5,test
2682,5000K_2.0gcc,3,5000K_2.0gcc__s3__b5,test
2683,5000K_2.0gcc,3,5000K_2.0gcc__s3__b5,test
2684,5000K_2.0gcc,3,5000K_2.0gcc__s3__b5,test
2685,5000K_2.0gcc,3,5000K_2.0gcc__s3__b5,test
2686,5000K_2.0gcc,3,5000K_2.0gcc__s3__b5,test
2687,5000K_2.0gcc,3,5000K_2.0gcc__s3__b6,pool
2688,5000K_2.0gcc,3,5000K_2.0gcc__s3__b6,pool
2689,5000K_2.0gcc,3,5000K_2.0gcc__s3__b6,pool
2690,5000K_2.0gcc,3,5000K_2.0gcc__s3__b6,pool
2691,5000K_2.0gcc,3,5000K_2.0gcc__s3__b6,pool
2692,5000K_2.0gcc,3,5000K_2.0gcc__s3__b6,pool
2693,5000K_2.0gcc,3,5000K_2.0gcc__s3__b6,pool
2694,5000K_2.0gcc,3,5000K_2.0gcc__s3__b6,pool
2695,5000K_2.0gcc,3,5000K_2.0gcc__s3__b6,pool
2696,5000K_2.0gcc,3,5000K_2.0gcc__s3__b6,pool
2697,5000K_2.0gcc,3,5000K_2.0gcc__s3__b7,pool
2698,5000K_2.0gcc,3,5000K_2.0gcc__s3__b7,pool
2699,5000K_2.0gcc,3,5000K_2.0gcc__s3__b7,pool
2700,5000K_2.0gcc,3,5000K_2.0gcc__s3__b7,pool
2701,5000K_2.0gcc,3,5000K_2.0gcc__s3__b7,pool
2702,5000K_2.0gcc,3,5000K_2.0gcc__s3__b7,pool
2703,5000K_2.0gcc,3,5000K_2.0gcc__s3__b7,pool
2704,5000K_2.0gcc,3,5000K_2.0gcc__s3__b7,pool
2705,5000K_2.0gcc,3,5000K_2.0gcc__s3__b7,pool
2706,5000K_2.0gcc,3,5000K_2.0gcc__s3__b7,pool
2707,5000K_2.0gcc,3,5000K_2.0gcc__s3__b8,pool
2708,5000K_2.0gcc,3,5000K_2.0gcc__s3__b8,pool
2709,5000K_2.0gcc,3,5000K_2.0gcc__s3__b8,pool
2710,5000K_2.0gcc,3,5000K_2.0gcc__s3__b8,pool
2711,5000K_2.0gcc,3,5000K_2.0gcc__s3__b8,pool
2712,5000K_2.0gcc,3,5000K_2.0gcc__s3__b8,pool
2713,5000K_2.0gcc,3,5000K_2.0gcc__s3__b8,pool
2714,5000K_2.0gcc,3,5000K_2.0gcc__s3__b8,pool
2715,5000K_2.0gcc,3,5000K_2.0gcc__s3__b8,pool
2716,5000K_2.0gcc,3,5000K_2.0gcc__s3__b8,pool
2717,5000K_2.0gcc,3,5000K_2.0gcc__s3__b9,pool
2718,5000K_2.0gcc,3,5000K_2.0gcc__s3__b9,pool
2719,5000K_2.0gcc,3,5000K_2.0gcc__s3__b9,pool
2720,5000K_2.0gcc,3,5000K_2.0gcc__s3__b9,pool
2721,5000K_2.0gcc,3,5000K_2.0gcc__s3__b9,pool
2722,5000K_2.0gcc,3,5000K_2.0gcc__s3__b9,pool
2723,5000K_2.0gcc,3,5000K_2.0gcc__s3__b9,pool
2724,5000K_2.0gcc,3,5000K_2.0gcc__s3__b9,pool
2725,5000K_2.0gcc,3,5000K_2.0gcc__s3__b9,pool
2726,5000K_2.0gcc,3,5000K_2.0gcc__s3__b9,pool
