run,statepoint,setting,n_atoms,force_rmse_eV_A,max_abs_dev,ref_force_rms
2000K_1.0gcc_f5_e1000,2000K_1.0gcc,e1000,64,0.019196550040041355,0.057329510477571066,2.7472280248000827
2000K_1.0gcc_f5_e1000_d2,2000K_1.0gcc,e1000_d2,64,0.006230830213438612,0.01894255098825859,2.7472280248000827
2000K_1.0gcc_f5_e700,2000K_1.0gcc,e700,64,0.031068192881206286,0.09358121228764649,2.7472280248000827
2000K_1.0gcc_f5_e700_d2,2000K_1.0gcc,e700_d2,64,0.02436768676999381,0.08191030092465645,2.7472280248000827
300K_1.0gcc_f5_e1000,300K_1.0gcc,e1000,64,0.014964121596602677,0.04179875870759309,1.5674176671062092
300K_1.0gcc_f5_e1000_d2,300K_1.0gcc,e1000_d2,64,0.007634198798834636,0.023632814765580434,1.5674176671062092
300K_1.0gcc_f5_e700,300K_1.0gcc,e700,64,0.01937067305442815,0.0796491012935352,1.5674176671062092
300K_1.0gcc_f5_e700_d2,300K_1.0gcc,e700_d2,64,0.020475199555073778,0.09001850848262016,1.5674176671062092
5000K_2.0gcc_f5_e1000,5000K_2.0gcc,e1000,64,0.028256999599621836,0.09271749256644402,3.630826032313577
5000K_2.0gcc_f5_e1000_d2,5000K_2.0gcc,e1000_d2,64,0.005855006100399243,0.018241764119389714,3.630826032313577
5000K_2.0gcc_f5_e700,5000K_2.0gcc,e700,64,0.04198960360272074,0.16033676411938913,3.630826032313577
5000K_2.0gcc_f5_e700_d2,5000K_2.0gcc,e700_d2,64,0.027348439573885292,0.1410727641193894,3.630826032313577
8000K_4.5gcc_f5_e1000,8000K_4.5gcc,e1000,120,0.03281949864818786,0.09994050284508882,4.543680976158839
8000K_4.5gcc_f5_e1000_d2,8000K_4.5gcc,e1000_d2,120,0.004831133672840277,0.017046986591553903,4.543680976158839
8000K_4.5gcc_f5_e700,8000K_4.5gcc,e700,120,0.036115162677296024,0.12646239803725123,4.543680976158839
8000K_4.5gcc_f5_e700_d2,8000K_4.5gcc,e700_d2,120,0.016901030500239587,0.09751439803725148,4.543680976158839
