window_ps,score,auroc,lo95,hi95,n_pos,n_events
0.2,gb_max,0.5400024428972762,0.49065860925499705,0.5932078975772933,62,13
0.2,gc_max,0.5319783133764386,0.46082525339592806,0.5987794189572436,62,13
0.2,sw_max,0.5282292540888979,0.4558377809258091,0.5956270324341514,62,13
0.5,gb_max,0.49123332287795407,0.4544171359256648,0.5281485161531136,156,13
0.5,gc_max,0.5351158170878917,0.4900141519803039,0.5842061477107017,156,13
0.5,sw_max,0.5341455262065665,0.48492960883137265,0.5852161150882224,156,13
1.0,gb_max,0.49388986218027797,0.46500585521487203,0.5237811842470936,303,13
1.0,gc_max,0.5369033883000683,0.49611792256141934,0.574460337742312,303,13
1.0,sw_max,0.5366545967458562,0.49212648009303295,0.5781664932371646,303,13
2.0,gb_max,0.502041356967726,0.4871548835926914,0.5176084452453696,566,13
2.0,gc_max,0.5122566503348911,0.4711782943698774,0.5491549095258922,566,13
2.0,sw_max,0.5120030042004535,0.46850311548636403,0.5505763026588077,566,13
