score,tte_lo,tte_hi,n,mean,stable_median,stable_q95
gb_max,0.0,0.2,62,0.7706938785905985,0.7052901878216448,0.907652334193409
gb_max,0.2,0.4,61,0.7416736355963626,0.7052901878216448,0.907652334193409
gb_max,0.4,0.6000000000000001,61,0.7066543986444159,0.7052901878216448,0.907652334193409
gb_max,0.6000000000000001,0.8,58,0.7204815629824035,0.7052901878216448,0.907652334193409
gb_max,0.8,1.0,61,0.7392200000883133,0.7052901878216448,0.907652334193409
gb_max,1.0,1.2000000000000002,61,0.7274824565085378,0.7052901878216448,0.907652334193409
gb_max,1.2000000000000002,1.4000000000000001,52,0.732960199131626,0.7052901878216448,0.907652334193409
gb_max,1.4000000000000001,1.6,51,0.7181266320444238,0.7052901878216448,0.907652334193409
gb_max,1.6,1.8,49,0.7461070374187542,0.7052901878216448,0.907652334193409
gb_max,1.8,2.0,50,0.7227153554652639,0.7052901878216448,0.907652334193409
gb_max,2.0,2.2,51,0.7194627890374395,0.7052901878216448,0.907652334193409
gb_max,2.2,2.4000000000000004,48,0.8435346692290993,0.7052901878216448,0.907652334193409
gb_max,2.4000000000000004,2.6,44,0.7459442824865945,0.7052901878216448,0.907652334193409
gb_max,2.6,2.8000000000000003,46,0.7571576978594061,0.7052901878216448,0.907652334193409
gb_max,2.8000000000000003,3.0,45,0.7114127954629355,0.7052901878216448,0.907652334193409
gc_max,0.0,0.2,62,2.0329391732264943,1.1741275542745293,3.753470181989859
gc_max,0.2,0.4,61,1.8167830632324964,1.1741275542745293,3.753470181989859
gc_max,0.4,0.6000000000000001,61,1.8102049995185499,1.1741275542745293,3.753470181989859
gc_max,0.6000000000000001,0.8,58,1.7746633119262392,1.1741275542745293,3.753470181989859
gc_max,0.8,1.0,61,1.4545466141395498,1.1741275542745293,3.753470181989859
gc_max,1.0,1.2000000000000002,61,1.34555059239718,1.1741275542745293,3.753470181989859
gc_max,1.2000000000000002,1.4000000000000001,52,2.073412670874439,1.1741275542745293,3.753470181989859
gc_max,1.4000000000000001,1.6,51,1.7572920461265555,1.1741275542745293,3.753470181989859
gc_max,1.6,1.8,49,1.789598240791788,1.1741275542745293,3.753470181989859
gc_max,1.8,2.0,50,1.3732066887750207,1.1741275542745293,3.753470181989859
gc_max,2.0,2.2,51,1.4157217955211803,1.1741275542745293,3.753470181989859
gc_max,2.2,2.4000000000000004,48,2.164584547827419,1.1741275542745293,3.753470181989859
gc_max,2.4000000000000004,2.6,44,1.5755863332453222,1.1741275542745293,3.753470181989859
gc_max,2.6,2.8000000000000003,46,1.3935720771784528,1.1741275542745293,3.753470181989859
gc_max,2.8000000000000003,3.0,45,1.3523769631475653,1.1741275542745293,3.753470181989859
sw_max,0.0,0.2,62,2.020205095828015,1.1682185366525315,3.746289778131496
sw_max,0.2,0.4,61,1.8124645994634454,1.1682185366525315,3.746289778131496
sw_max,0.4,0.6000000000000001,61,1.8074586109403834,1.1682185366525315,3.746289778131496
sw_max,0.6000000000000001,0.8,58,1.7709937359024437,1.1682185366525315,3.746289778131496
sw_max,0.8,1.0,61,1.446575020698982,1.1682185366525315,3.746289778131496
sw_max,1.0,1.2000000000000002,61,1.335525700311308,1.1682185366525315,3.746289778131496
sw_max,1.2000000000000002,1.4000000000000001,52,2.0670023029108573,1.1682185366525315,3.746289778131496
sw_max,1.4000000000000001,1.6,51,1.7553792824211598,1.1682185366525315,3.746289778131496
sw_max,1.6,1.8,49,1.7797864571524125,1.1682185366525315,3.746289778131496
sw_max,1.8,2.0,50,1.369869397610547,1.1682185366525315,3.746289778131496
sw_max,2.0,2.2,51,1.4057830938796652,1.1682185366525315,3.746289778131496
sw_max,2.2,2.4000000000000004,48,2.13528536224063,1.1682185366525315,3.746289778131496
sw_max,2.4000000000000004,2.6,44,1.5731443905896647,1.1682185366525315,3.746289778131496
sw_max,2.6,2.8000000000000003,46,1.3933271512971956,1.1682185366525315,3.746289778131496
sw_max,2.8000000000000003,3.0,45,1.3461503051634012,1.1682185366525315,3.746289778131496
