model,statepoint,atoms,gb_gt1,gc_gt1,robust_cluster_only,robust_bulk_only,frames_with_robust,frames,gb_q99,gc_q99
bulk_t3_k30,2000K_1.0gcc,19392,0.06541872937293729,0.36678527227722774,1107,0,283,303,1.0765718221664429,2.2375974655151367
bulk_t3_k30,300K_1.0gcc,19392,0.07752165841584159,0.3098958333333333,390,0,187,303,1.1239614486694336,2.1115005016326904
cluster_t3_k30,2000K_1.0gcc,19392,0.06660478547854785,0.38095606435643564,1355,0,291,303,1.051737904548645,2.4010884761810303
cluster_t3_k30,300K_1.0gcc,19392,0.05976691419141914,0.34478135313531355,653,0,236,303,1.0093860626220703,2.465717077255249
random_t3_k30,2000K_1.0gcc,19392,0.16110767326732672,0.3603444719471947,463,0,198,303,1.2825273275375366,2.335444927215576
random_t3_k30,300K_1.0gcc,19392,0.11009694719471948,0.30431621287128713,149,0,85,303,1.266574501991272,2.0173423290252686
shared_t0_dft_train,2000K_1.0gcc,19392,0.1890470297029703,0.561855404290429,1922,0,295,303,1.2094370126724243,2.5655176639556885
shared_t0_dft_train,300K_1.0gcc,19392,0.16472256600660065,0.5140109323432344,1597,0,290,303,1.202635645866394,2.545236349105835
shared_t0_dft_train,5000K_2.0gcc,19392,0.001051980198019802,0.03096637788778878,275,0,159,303,0.7110697031021118,1.263855218887329
stratified_t3_k30,2000K_1.0gcc,19392,0.07290635313531353,0.4150216584158416,779,0,259,303,1.0789434909820557,2.3963449001312256
stratified_t3_k30,300K_1.0gcc,19392,0.0941006600660066,0.3991852310231023,346,0,167,303,1.0917959213256836,2.4494333267211914
