trial,cluster,basis_rows,ratio
0,0,0,0.0
0,1,20,1.077551020408163
0,2,11,1.6919133069214636
0,3,2,0.5986394557823129
0,4,0,0.0
0,5,9,1.423777564717162
1,0,2,0.5267358339984038
1,1,20,1.077551020408163
1,2,8,1.2304824050337917
1,3,0,0.0
1,4,2,0.5749128919860627
1,5,10,1.5819750719079577
2,0,2,0.5267358339984038
2,1,22,1.1853061224489796
2,2,12,1.8457236075506873
2,3,0,0.0
2,4,1,0.28745644599303133
2,5,5,0.7909875359539789
3,0,1,0.2633679169992019
3,1,22,1.1853061224489796
3,2,9,1.3842927056630157
3,3,0,0.0
3,4,2,0.5749128919860627
3,5,8,1.2655800575263663
4,0,0,0.0
4,1,21,1.1314285714285715
4,2,9,1.3842927056630157
4,3,2,0.5986394557823129
4,4,1,0.28745644599303133
4,5,9,1.423777564717162
5,0,0,0.0
5,1,19,1.0236734693877552
5,2,8,1.2304824050337917
5,3,2,0.5986394557823129
5,4,0,0.0
5,5,13,2.056567593480345
6,0,1,0.2633679169992019
6,1,19,1.0236734693877552
6,2,14,2.1533442088091355
6,3,1,0.29931972789115646
6,4,0,0.0
6,5,7,1.1073825503355703
7,0,0,0.0
7,1,22,1.1853061224489796
7,2,8,1.2304824050337917
7,3,1,0.29931972789115646
7,4,0,0.0
7,5,11,1.7401725790987537
8,0,1,0.2633679169992019
8,1,19,1.0236734693877552
8,2,11,1.6919133069214636
8,3,0,0.0
8,4,1,0.28745644599303133
8,5,10,1.5819750719079577
9,0,1,0.2633679169992019
9,1,22,1.1853061224489796
9,2,9,1.3842927056630157
9,3,0,0.0
9,4,2,0.5749128919860627
9,5,8,1.2655800575263663
