statepoint,score,spearman,auroc_q90
2000K_1.0gcc,bulk,0.3949141303618277,0.5355434088059413
2000K_1.0gcc,cluster,0.4009742534214655,0.5486936065297068
2000K_1.0gcc,hyb_max,0.40217275317990636,0.5469807339891976
2000K_1.0gcc,hyb_switch,0.3667060070875743,0.5185815429687499
2000K_1.0gcc,hyb_rank,0.4106357927491309,0.5460242151331018
300K_1.0gcc,bulk,0.54908354434775,0.79531982421875
300K_1.0gcc,cluster,0.5342682591155422,0.7576710491415894
300K_1.0gcc,hyb_max,0.5392502172568144,0.7605915135513117
300K_1.0gcc,hyb_switch,0.5052085717893757,0.7400443371431328
300K_1.0gcc,hyb_rank,0.5689419208938548,0.7957798936631945
5000K_2.0gcc,bulk,0.14714411288448012,0.6368795512635032
5000K_2.0gcc,cluster,0.2717282388765112,0.6941697711709105
5000K_2.0gcc,hyb_max,0.254533137982437,0.6957099368248457
5000K_2.0gcc,hyb_switch,0.1844247525852976,0.6682387213059413
5000K_2.0gcc,hyb_rank,0.23571188807149837,0.6956746117862654
