statepoint,clusters,grade,atoms,flagged,precision_top10,median_err_flagged
2000K_1.0gcc,under-represented,bulk,14919,652,0.1273006134969325,0.9941996220697353
2000K_1.0gcc,under-represented,cluster,14919,8721,0.10182318541451668,0.9452205543207504
2000K_1.0gcc,under-represented,switch,14919,8458,0.1035705840624261,0.9472633688451157
2000K_1.0gcc,well-represented,bulk,4281,55,0.41818181818181815,1.246137646017249
2000K_1.0gcc,well-represented,cluster,4281,518,0.38996138996138996,1.2890333803669836
2000K_1.0gcc,well-represented,switch,4281,55,0.41818181818181815,1.246137646017249
300K_1.0gcc,under-represented,bulk,13888,577,0.4731369150779896,1.031673536560812
300K_1.0gcc,under-represented,cluster,13888,6911,0.1737809289538417,0.8376937030669366
300K_1.0gcc,under-represented,switch,13888,6282,0.1728748806112703,0.8382350490983516
300K_1.0gcc,well-represented,bulk,5312,30,0.4,1.0102393561008143
300K_1.0gcc,well-represented,cluster,5312,543,0.26703499079189685,0.8842678027539047
300K_1.0gcc,well-represented,switch,5312,30,0.4,1.0102393561008143
5000K_2.0gcc,under-represented,bulk,9549,1,1.0,7.930382424789729
5000K_2.0gcc,under-represented,cluster,9549,288,0.5868055555555556,4.263915047595837
5000K_2.0gcc,under-represented,switch,9549,288,0.5868055555555556,4.263915047595837
5000K_2.0gcc,well-represented,bulk,9651,2,0.5,4.180037262873681
5000K_2.0gcc,well-represented,cluster,9651,3,0.3333333333333333,2.254805036754125
5000K_2.0gcc,well-represented,switch,9651,2,0.5,4.180037262873681
