statepoint,score,spearman,lo95,hi95
2000K_1.0gcc,bulk,0.170744563828487,0.054131841559284244,0.27587595325837017
2000K_1.0gcc,cluster,0.22832698141090452,0.1067087747955042,0.3330907903407099
2000K_1.0gcc,hyb_max,0.2283234258158424,0.10670860811857764,0.33308795685324216
2000K_1.0gcc,hyb_switch,0.22832698141090452,0.1067087747955042,0.3330907903407099
2000K_1.0gcc,hyb_rank,0.17668044682284612,0.06092024717324601,0.28937404453252075
300K_1.0gcc,bulk,0.19552483916487962,0.0835401012082408,0.29998818735442423
300K_1.0gcc,cluster,0.20593651040567118,0.09888090185673619,0.30894273655351406
300K_1.0gcc,hyb_max,0.20593562150690561,0.09887954623493543,0.30894250320768374
300K_1.0gcc,hyb_switch,0.20593651040567118,0.09888090185673619,0.30894273655351406
300K_1.0gcc,hyb_rank,0.20410271225235832,0.09618411820152467,0.30353483443600426
5000K_2.0gcc,bulk,0.0770408560095112,-0.039684849438695304,0.1884448427545255
5000K_2.0gcc,cluster,0.46560206224513606,0.3711917636516835,0.5567519308646443
5000K_2.0gcc,hyb_max,0.46375626395848846,0.3702464243725517,0.5553419203712289
5000K_2.0gcc,hyb_switch,0.46966788519872443,0.375752925794682,0.5573028374396672
5000K_2.0gcc,hyb_rank,0.4216093980610253,0.31489485255868976,0.5158306408897788
